iD_EQ;TYPE;SS_TYPE;LIBELLE_EQ;ACCES;VOIE;QUARTIER;COMMUNE;CODE_POST;CODE_INSEE;X_L93;Y_L93;X_WGS84;Y_WGS84
80;Culte;Cimetière;Cimetière ancien de Neuilly;1 r de Vimy;Vimy (rue de);Parc Nord;NANTERRE;92000;92050;643749.9921000004;6866454.662099998;2.232789964108523;48.89563977442338
75;Culte;Cimetière;Cimetière de La Garenne Colombes;82 r Jules Ferry;Ferry (rue Jules);Parc Nord;NANTERRE;92000;92050;643637.7084999979;6867164.375799999;2.2311643440824986;48.9020120105426
78;Culte;Cimetière;Cimetière de Puteaux;467 bd Aimé Césaire;Césaire (boulevard Aimé);Parc Nord;NANTERRE;92000;92050;643409.6748000011;6866179.004999999;2.228185321816673;48.893131110725626
74;Culte;Cimetière;Cimetière de la Maison Départementale;3 av du Cimetière;Cimetière (avenue du);Petit Nanterre;NANTERRE;92000;92050;642295.6143999994;6868076.587299999;2.2127340350376183;48.910096031562084
76;Culte;Cimetière;Cimetière du Centre;111 r de Courbevoie;Courbevoie (rue de);Centre;NANTERRE;92000;92050;641913.0437000021;6866296.701000001;2.20775856682316;48.89405619442684
77;Culte;Cimetière;Cimetière paysager du Mont-Valérien;102 r du Calvaire;Calvaire (rue du);Plateau - Mont-Valérien;NANTERRE;92000;92050;641916.9442000017;6864283.4717000015;2.2080871302583787;48.87595253077195
79;Culte;Cimetière;Crématorium;104 r du Calvaire;Calvaire (rue du);Plateau - Mont-Valérien;NANTERRE;92000;92050;641923.2806999981;6864160.804699998;2.2081902875494035;48.87485000646037
868;Culte;Cimetière;Funérarium;42 ch des Cendres;Cendres (chemin des);Plateau - Mont-Valérien;NANTERRE;92000;92050;641773.9477000013;6864429.602600001;2.206117595840933;48.877253713662384
81;Culte;Lieu de Culte Catholique;Cathédrale Sainte Geneviève;28 r de l'Eglise;Eglise (rue de l');Centre;NANTERRE;92000;92050;641050.7207999974;6865949.263999999;2.1960464938759423;48.89085350322715
87;Culte;Lieu de Culte Catholique;Chapelle Saint Joseph;9 r Edmond Dubuis;Dubuis (rue Edmond);Parc Sud;NANTERRE;92000;92050;642802.4941999987;6865933.067699999;2.219937879569598;48.89086586692096
82;Culte;Lieu de Culte Catholique;Eglise Saint Paul;55 bd Emile Zola;Zola (boulevard Emile);Université;NANTERRE;92000;92050;642297.8616999984;6866477.5918999985;2.212982118063865;48.89571745222303
84;Culte;Lieu de Culte Catholique;Eglise Sainte Catherine;50 r des Pâquerettes;Pâquerettes (rue des);Petit Nanterre;NANTERRE;92000;92050;642501.1213999987;6867887.1669000015;2.215563272314599;48.90841109236741
83;Culte;Lieu de Culte Catholique;Eglise Sainte Marie des Fontenelles;30 av Félix Faure;Faure (avenue Félix);Plateau - Mont-Valérien;NANTERRE;92000;92050;642543.9519999996;6865240.677900001;2.2165057927471206;48.88461652231572
85;Culte;Lieu de Culte Catholique;Evêché;85 r de Suresnes;Suresnes (rue de);Plateau - Mont-Valérien;NANTERRE;92000;92050;642521.8334000036;6865121.119800001;2.216220376481917;48.88353941700744
86;Culte;Lieu de Culte Catholique;Notre Dame de la Miséricorde;36 r André Doucet;Doucet (rue André);Chemin de l'Ile;NANTERRE;92000;92050;641096.2991999984;6867054.581;2.196514667159234;48.900797153476596
88;Culte;Lieu de Culte Judaïque;Centre Communautaire Juif;13 r du Castel Marly;Castel Marly (rue du);Centre;NANTERRE;92000;92050;641052.2214000002;6865782.8858;2.196090058182242;48.88935748964916
740;Culte;Lieu de Culte Musulman;Mosquée Ibn Badis;227 av Georges Clemenceau;Clemenceau (avenue Georges);Parc Sud;NANTERRE;92000;92050;642561.5139999986;6865407.974300001;2.216722630563018;48.886122507433946
89;Culte;Lieu de Culte Musulman;Mosquée OkbaIbn Nafaa;331 av de la République;République (avenue de la);Petit Nanterre;NANTERRE;92000;92050;642582.5742999986;6868003.7784;2.216658650489182;48.90946697395723
92;Culture;Espace Culturel;Ateliers d'Arts Plastiques;9 r des Anciennes Mairies;Anciennes Mairies (rue des);Centre;NANTERRE;92000;92050;641146.6401000023;6865970.3445000015;2.197351634085671;48.89105184406406
91;Culture;Espace Culturel;Auditorium - Parc des Anciennes Mairies;9 r des Anciennes Mairies;Anciennes Mairies (rue des);Centre;NANTERRE;92000;92050;641112.8871999979;6866076.951299999;2.1968765530030296;48.89200741510078
475;Culture;Espace Culturel;Espace Pierre Reverdy;200 av de la République;République (avenue de la);Université;NANTERRE;92000;92050;642616.9090000018;6867361.188700002;2.2172139512493816;48.90369163896328
526;Culture;Espace Culturel;La Terrasse - Espace d'art de Nanterre;57 bd de Pesaro;Pesaro (boulevard de);Parc Nord;NANTERRE;92000;92050;642816.5411000028;6866647.016100001;2.2200332648024186;48.89728727055833
95;Culture;Espace Culturel;L’Agora - fabrique des futurs;20 r de Stalingrad;Stalingrad (rue de);Centre;NANTERRE;92000;92050;641281.0544999987;6866152.4542;2.1991594778621697;48.892701730994865
106;Culture;Espace Culturel;Maison de la Musique - Conservatoire à Rayonnement Départemental (musique, danse et Théâtre);8 r des Anciennes Mairies;Anciennes Mairies (rue des);Centre;NANTERRE;92000;92050;641209.9658000022;6866003.424199998;2.198210636517162;48.89135509760593
100;Culture;Médiathèque;Médiathèque Flora Tristan;2 r des Anciennes Mairies;Anciennes Mairies (rue des);Centre;NANTERRE;92000;92050;641164.9105999991;6865924.2718;2.1976071767737864;48.890639206754905
97;Culture;Médiathèque;Médiathèque Pierre et Marie Curie;8 pl du 27 Mars 2002;27 Mars 2002 (place du);Centre;NANTERRE;92000;92050;641805.575000003;6866058.620999999;2.206325548901087;48.891905564577335
98;Culture;Médiathèque;Médiathèque des Fontenelles;79 av Pablo Picasso;Picasso (avenue Pablo);Parc Sud;NANTERRE;92000;92050;642823.3356999978;6865778.825199999;2.220242870501929;48.88948069289659
99;Culture;Médiathèque;Médiathèque du Petit Nanterre;6 pl des Muguets;Muguets (place des);Petit Nanterre;NANTERRE;92000;92050;642840.3249000013;6868079.1259;2.2201647403333307;48.91016746645394
879;Culture;Médiathèque;Point lecture du Chemin de l’Ile;3 r Ampère;Ampère (rue);Chemin de l'Ile;NANTERRE;92000;92050;641242.8844000027;6866887.148699999;2.198537228952611;48.89930493340469
103;Culture;Salle de Spectacles;Cinéma Les Lumières;49 r Maurice Thorez;Thorez (rue Maurice);Centre;NANTERRE;92000;92050;641022.0367999971;6866145.802200001;2.195628023320223;48.89261823743421
109;Culture;Salle de Spectacles;Espace Chevreul;97 av de la Liberté;Liberté (avenue de la);La Boule - Champs Pierreux;NANTERRE;92000;92050;642321.4598999992;6865985.1488999985;2.2133708690015785;48.89129129198952
110;Culture;Salle de Spectacles;La Forge;19 r des Anciennes Mairies;Anciennes Mairies (rue des);Centre;NANTERRE;92000;92050;641186.8360999972;6866088.895199999;2.1978833703884737;48.89212157958443
418;Culture;Salle de Spectacles;Le Cinéart;5 bis r des Anciennes Mairies;Anciennes Mairies (rue des);Centre;NANTERRE;92000;92050;641161.0073999986;6865936.070900001;2.1975523133688357;48.89074495307741
108;Culture;Salle de Spectacles;Maison Daniel Féry;10 bd Jules Mansart;Mansart (boulevard Jules);Université;NANTERRE;92000;92050;642244.435999997;6866765.684999999;2.2122142750908687;48.898303319016904
417;Culture;Salle de Spectacles;Maison de la Musique - Salle de Spectacles;8 r des Anciennes Mairies;Anciennes Mairies (rue des);Centre;NANTERRE;92000;92050;641200.2717000023;6866005.252999999;2.1980781823868636;48.89137065774907
104;Culture;Salle de Spectacles;Salle des Congrès;90 r du 8 Mai 1945;8 Mai 1945 (rue du);Centre;NANTERRE;92000;92050;641807.2198999971;6866089.390900001;2.2063437632873666;48.892182410533394
105;Culture;Salle de Spectacles;Salle des Fêtes;4 r des Anciennes Mairies;Anciennes Mairies (rue des);Centre;NANTERRE;92000;92050;641176.6449000016;6865908.422699999;2.197769394050542;48.89049775642355
525;Culture;Salle de Spectacles;Studio Jenny;1 av Jenny;Jenny (avenue);Parc Nord;NANTERRE;92000;92050;643581.940200001;6866800.5945000015;2.2304520192091157;48.89873584914278
474;Culture;Salle de Spectacles;Théatre Bernard Marie Koltès;200 av de la République;République (avenue de la);Université;NANTERRE;92000;92050;642605.5781999975;6867377.506900001;2.21705718621175;48.90383736823087
102;Culture;Salle de Spectacles;Théâtre Nanterre-Amandiers;7 av Pablo Picasso;Picasso (avenue Pablo);La Boule - Champs Pierreux;NANTERRE;92000;92050;642359.0786999986;6866175.610100001;2.2138580263040644;48.893007378349616
116;Enseignement;Collège Public;Collège André Doucet;48 bd de la Seine;Seine (boulevard de la);Chemin de l'Ile;NANTERRE;92000;92050;641037.3474999964;6866919.066399999;2.195729409969013;48.89957315666671
114;Enseignement;Collège Public;Collège Evariste Galois;21 r des Fontenelles;Fontenelles (rue des);Parc Sud;NANTERRE;92000;92050;642841.3562000021;6865535.0086;2.220521434984974;48.88728976924634
112;Enseignement;Collège Public;Collège Jean Perrin;20 r des Goulvents;Goulvents (rue des);Vieux-Pont - Sainte-Geneviève;NANTERRE;92000;92050;640418.0402000025;6865716.7227;2.1874512006883737;48.888704145413385
113;Enseignement;Collège Public;Collège Les Chenevreux;20 r des Chenevreux;Chenevreux (rue des);Plateau - Mont-Valérien;NANTERRE;92000;92050;642042.557599999;6865255.083700001;2.209667061830974;48.884701132219085
111;Enseignement;Collège Public;Collège Paul Eluard;16 all Le Corbusier;Le Corbusier (allée);Parc Nord;NANTERRE;92000;92050;643019.6410999969;6866236.5326999985;2.2228584159340525;48.893614025217886
117;Enseignement;Collège Public;Collège République;152 av de la République;République (avenue de la);République;NANTERRE;92000;92050;641803.0724000037;6867258.0189;2.206126967606901;48.90269083119465
115;Enseignement;Collège Public;Collège Victor Hugo;77 r de Courbevoie;Courbevoie (rue de);Centre;NANTERRE;92000;92050;641688.485799998;6866204.452799998;2.2047087252117294;48.89320635698071
426;Enseignement;Ecole Elémentaire Publique;Ecole Elémentaire Abdelmalek Sayad;56 r Abdelmalek Sayad;Sayad (rue Abdelmalek);Vieux-Pont - Sainte-Geneviève;NANTERRE;92000;92050;640955.0205999985;6865492.243799999;2.194804975203754;48.88673498917586
130;Enseignement;Ecole Elémentaire Publique;Ecole Elémentaire Anatole France;162 av de la République;République (avenue de la);République;NANTERRE;92000;92050;641966.1199999973;6867235.728700001;2.208354023490183;48.902505109802995
137;Enseignement;Ecole Elémentaire Publique;Ecole Elémentaire Balzac;4 bd Honoré de Balzac;Balzac (boulevard Honoré de);Université;NANTERRE;92000;92050;642021.9287;6866554.011100002;2.2092083927275894;48.896379855871636
120;Enseignement;Ecole Elémentaire Publique;Ecole Elémentaire Elsa Triolet;130 r Salvador Allende;Allende (rue Salvador);Parc Nord;NANTERRE;92000;92050;643174.7726000026;6866177.275600001;2.2249820137351564;48.89309486853074
125;Enseignement;Ecole Elémentaire Publique;Ecole Elémentaire Henri Wallon;3 r de Zilina;Zilina (rue de);Chemin de l'Ile;NANTERRE;92000;92050;640528.8263000026;6866636.7685;2.188833049674517;48.896987843714776
123;Enseignement;Ecole Elémentaire Publique;Ecole Elémentaire Jacques Decour;8 r Jacques Decour;Decour (rue Jacques);Parc Sud;NANTERRE;92000;92050;643223.980899997;6865514.897999998;2.2257416825911434;48.88714277704686
121;Enseignement;Ecole Elémentaire Publique;Ecole Elémentaire Jean de la Fontaine;5 r de l'Agriculture;Agriculture (rue de l');Petit Nanterre;NANTERRE;92000;92050;643129.8438000008;6868167.8387;2.224102528846992;48.91099084899534
122;Enseignement;Ecole Elémentaire Publique;Ecole Elémentaire Joliot Curie;15 r de la Côte des Amandiers;Côte des Amandiers (rue de la);La Boule - Champs Pierreux;NANTERRE;92000;92050;641768.0600000024;6865748.098000001;2.2058565327049604;48.88910980131298
425;Enseignement;Ecole Elémentaire Publique;Ecole Elémentaire Jules Ferry;1 r des Chailliers;Chailliers (rue des);Plateau - Mont-Valérien;NANTERRE;92000;92050;641523.9204000011;6865059.818500001;2.2026220654075295;48.882898313333655
386;Enseignement;Ecole Elémentaire Publique;Ecole Elémentaire Lucie Aubrac;1 all de Savoie;Savoie (allée de);Université;NANTERRE;92000;92050;642809.6028999984;6866859.334100001;2.21991002683222;48.89919590907115
133;Enseignement;Ecole Elémentaire Publique;Ecole Elémentaire Maxime Gorki;14 all de l'Arlequin;Arlequin (allée de l');Parc Sud;NANTERRE;92000;92050;643425.440200001;6865882.241599999;2.228439873895519;48.890463853545
797;Enseignement;Ecole Elémentaire Publique;Ecole Elémentaire Miriam Makeba;190 bd Abdenbi Guémiah;Guémiah (boulevard Abdenbi);Université;NANTERRE;92000;92050;642330.684100002;6866762.674199998;2.213391030128028;48.89828397684053
136;Enseignement;Ecole Elémentaire Publique;Ecole Elémentaire Pablo Neruda;18 r Pablo Neruda;Neruda (rue Pablo);Parc Nord;NANTERRE;92000;92050;642596.7955000028;6866442.896400001;2.2170637956458124;48.89543217890614
118;Enseignement;Ecole Elémentaire Publique;Ecole Elémentaire Pablo Picasso;75 av Pablo Picasso;Picasso (avenue Pablo);Parc Sud;NANTERRE;92000;92050;642945.0997999981;6865871.5887;2.221890876995886;48.89032567041519
119;Enseignement;Ecole Elémentaire Publique;Ecole Elémentaire Paul Langevin;11 r Paul Langevin;Langevin (rue Paul);Vieux-Pont - Sainte-Geneviève;NANTERRE;92000;92050;640147.1406999975;6865908.277399998;2.183730068335657;48.89040156777471
124;Enseignement;Ecole Elémentaire Publique;Ecole Elémentaire Robespierre;18 all Fernand Léger;Léger (allée Fernand);Parc Sud;NANTERRE;92000;92050;642632.0471000001;6865808.6633;2.217630276265424;48.88973199633741
135;Enseignement;Ecole Elémentaire Publique;Ecole Elémentaire Romain Rolland;5 r Romain Rolland;Rolland (rue Romain);Plateau - Mont-Valérien;NANTERRE;92000;92050;642566.7188000008;6864825.063200001;2.216872436548327;48.88088111578489
131;Enseignement;Ecole Elémentaire Publique;Ecole Elémentaire Voltaire;39 r Voltaire;Voltaire (rue);Chemin de l'Ile;NANTERRE;92000;92050;640938.9334999993;6866891.932599999;2.1943908786188033;48.8993201371655
128;Enseignement;Ecole Elémentaire Publique;Ecole Elémentaire des Pâquerettes;10 r des Aubépines;Aubépines (rue des);Petit Nanterre;NANTERRE;92000;92050;642778.1045999974;6867976.937399998;2.2193297008716204;48.90924302430711
132;Enseignement;Ecole Elémentaire Publique;Ecole Elémentaire du Centre;31 bd du Midi;Midi (boulevard du);Vieux-Pont - Sainte-Geneviève;NANTERRE;92000;92050;640793.242399998;6865907.101799998;2.1925411133486974;48.89045073516603
126;Enseignement;Ecole Elémentaire Publique;Ecole Elémentaire du Général de Joinville;50 r Rouget de Lisle;Rouget de Lisle (rue);République;NANTERRE;92000;92050;641580.0221000016;6866780.046599999;2.2031503064174873;48.89837251185494
427;Enseignement;Ecole Maternelle Publique;Ecole Maternelle Abdelmalek Sayad;56 r Abdelmalek Sayad;Sayad (rue Abdelmalek);Vieux-Pont - Sainte-Geneviève;NANTERRE;92000;92050;641007.4544999972;6865486.561799999;2.1955207549926183;48.88668869993143
152;Enseignement;Ecole Maternelle Publique;Ecole Maternelle Anatole France;162 av de la République;République (avenue de la);République;NANTERRE;92000;92050;642008.3378000036;6867177.6028;2.2089378253680283;48.90198622417468
160;Enseignement;Ecole Maternelle Publique;Ecole Maternelle Balzac;4 bd Honoré de Balzac;Balzac (boulevard Honoré de);Université;NANTERRE;92000;92050;642025.0009000003;6866515.779599998;2.2092555149863027;48.896036338265496
141;Enseignement;Ecole Maternelle Publique;Ecole Maternelle Danielle Casanova;28 r Thomas Lemaître;Lemaître (rue Thomas);Vieux-Pont - Sainte-Geneviève;NANTERRE;92000;92050;640717.6164000034;6865870.077500001;2.191514971447264;48.89011083658733
147;Enseignement;Ecole Maternelle Publique;Ecole Maternelle Elsa Triolet;130 r Salvador Allende;Allende (rue Salvador);Parc Nord;NANTERRE;92000;92050;643211.6088000014;6866132.669199999;2.2254903436867655;48.89269699660784
142;Enseignement;Ecole Maternelle Publique;Ecole Maternelle Eugénie Cotton;57 bd de la Seine;Seine (boulevard de la);Chemin de l'Ile;NANTERRE;92000;92050;640900.2757999972;6866981.3134;2.1938511671448033;48.90012033613867
153;Enseignement;Ecole Maternelle Publique;Ecole Maternelle France Bloch;52 bd National;National (boulevard);Vieux-Pont - Sainte-Geneviève;NANTERRE;92000;92050;640531.117399998;6865459.171300001;2.1890292539194625;48.88639857300308
145;Enseignement;Ecole Maternelle Publique;Ecole Maternelle Henri Wallon;3 r de Zilina;Zilina (rue de);Chemin de l'Ile;NANTERRE;92000;92050;640607.6464999989;6866680.296;2.1899019646711753;48.89738653724023
144;Enseignement;Ecole Maternelle Publique;Ecole Maternelle Jacques Decour;8 r Jacques Decour;Decour (rue Jacques);Parc Sud;NANTERRE;92000;92050;643189.1475000009;6865457.139800001;2.2252744153498303;48.8866203122352
148;Enseignement;Ecole Maternelle Publique;Ecole Maternelle Jacques Prévert;23 r Pierre Sergent;Sergent (rue Pierre);Plateau - Mont-Valérien;NANTERRE;92000;92050;641558.3866000026;6865094.484700002;2.203087242937191;48.88321317937943
143;Enseignement;Ecole Maternelle Publique;Ecole Maternelle Jean de la Fontaine;5 r de l'Agriculture;Agriculture (rue de l');Petit Nanterre;NANTERRE;92000;92050;643198.1446999982;6868180.692400001;2.225032598623171;48.911112465356325
139;Enseignement;Ecole Maternelle Publique;Ecole Maternelle Joliot Curie;15 r de la Côte des Amandiers;Côte des Amandiers (rue de la);La Boule - Champs Pierreux;NANTERRE;92000;92050;641764.9852000028;6865798.795600001;2.2058076489713403;48.88956542074717
138;Enseignement;Ecole Maternelle Publique;Ecole Maternelle Jules Ferry;5 r des Chailliers;Chailliers (rue des);Plateau - Mont-Valérien;NANTERRE;92000;92050;641526.9271000028;6864966.692400001;2.202675883915441;48.88206114618959
385;Enseignement;Ecole Maternelle Publique;Ecole Maternelle Lucie Aubrac;1 all de Savoie;Savoie (allée de);Université;NANTERRE;92000;92050;642772.3850999996;6866915.065499999;2.2193948858607224;48.89969376167424
140;Enseignement;Ecole Maternelle Publique;Ecole Maternelle Maxime Gorki;14 all de l'Arlequin;Arlequin (allée de l');Parc Sud;NANTERRE;92000;92050;643462.1589000002;6865928.006999999;2.2289345147048842;48.89087862447308
796;Enseignement;Ecole Maternelle Publique;Ecole Maternelle Miriam Makeba;190 bd Abdenbi Guémiah;Guémiah (boulevard Abdenbi);Université;NANTERRE;92000;92050;642329.6143999994;6866806.932799999;2.2133704266225553;48.89868187297967
159;Enseignement;Ecole Maternelle Publique;Ecole Maternelle Pablo Neruda;18 r Pablo Neruda;Neruda (rue Pablo);Parc Nord;NANTERRE;92000;92050;642592.1290000007;6866399.307300001;2.2170060474002327;48.895039789913916
158;Enseignement;Ecole Maternelle Publique;Ecole Maternelle Pablo Picasso;75 av Pablo Picasso;Picasso (avenue Pablo);Parc Sud;NANTERRE;92000;92050;642904.9856999964;6865820.474800002;2.221350714042423;48.889862472706405
157;Enseignement;Ecole Maternelle Publique;Ecole Maternelle Paul Langevin;11 r Paul Langevin;Langevin (rue Paul);Vieux-Pont - Sainte-Geneviève;NANTERRE;92000;92050;640277.0913000032;6865950.203299999;2.185496303694096;48.89079065187434
156;Enseignement;Ecole Maternelle Publique;Ecole Maternelle Robespierre;18 all Fernand Léger;Léger (allée Fernand);Parc Sud;NANTERRE;92000;92050;642641.3205000013;6865775.6499999985;2.2177611963015593;48.88943595047688
155;Enseignement;Ecole Maternelle Publique;Ecole Maternelle Romain Rolland;7 r Romain Rolland;Rolland (rue Romain);Plateau - Mont-Valérien;NANTERRE;92000;92050;642555.6838999987;6864783.522500001;2.2167275992983035;48.88050657382355
150;Enseignement;Ecole Maternelle Publique;Ecole Maternelle Soufflot;17 bd Jacques-Germain Soufflot;Soufflot (boulevard Jacques-Germain);Université;NANTERRE;92000;92050;642334.7377000004;6866663.760200001;2.213459756254158;48.897394863093666
151;Enseignement;Ecole Maternelle Publique;Ecole Maternelle Victor Hugo;45 r Victor Hugo;Hugo (rue Victor);Centre;NANTERRE;92000;92050;641642.9117000028;6866220.009399999;2.2040850588181087;48.89334211958629
161;Enseignement;Ecole Maternelle Publique;Ecole Maternelle des Pâquerettes;10 r des Aubépines;Aubépines (rue des);Petit Nanterre;NANTERRE;92000;92050;642865.3143000007;6867985.860100001;2.220518211598243;48.90933100786679
146;Enseignement;Ecole Maternelle Publique;Ecole Maternelle du Général de Joinville;50 r Rouget de Lisle;Rouget de Lisle (rue);République;NANTERRE;92000;92050;641633.4174999967;6866779.837200001;2.2038786001837716;48.89837547226155
154;Enseignement;Ecole Maternelle Publique;Ecole Maternelle du Moulin des Gibets;118 r de Saint-Cloud;Saint-Cloud (rue de);Plateau - Mont-Valérien;NANTERRE;92000;92050;641318.0639000013;6864840.418699998;2.19984551984464;48.880906624497555
162;Enseignement;Ecole Privée;Ecole Privée Sainte-Geneviève;72 r Volant;Volant (rue);Centre;NANTERRE;92000;92050;641096.8980000019;6866199.679200001;2.1966414730314594;48.89310957702235
421;Enseignement;Enseignement Spécialisé;Institut Médico-Educatif Au fil de l'autre;23 av Vladimir Ilitch Lénine;Lénine (avenue Vladimir Ilitch);Vieux-Pont - Sainte-Geneviève;NANTERRE;92000;92050;641102.7497000024;6865573.6633;2.1968081208684422;48.887480683661195
166;Enseignement;Enseignement Spécialisé;Institut Médico-Educatif Balzac;4 bd Honoré de Balzac;Balzac (boulevard Honoré de);Université;NANTERRE;92000;92050;641998.7167000026;6866474.134599999;2.208902728657233;48.895659480642074
389;Enseignement;Enseignement Spécialisé;Institut Médico-Educatif Fernand Oury;36 r Paul Vaillant-Couturier;Vaillant-Couturier (rue Paul);Plateau - Mont-Valérien;NANTERRE;92000;92050;641484.0566999987;6865326.540199999;2.202041769595928;48.885293193871554
163;Enseignement;Enseignement Spécialisé;Local 2 APEINA (Association pour l'enfance inadaptée à Nanterre);24 all de l'Arlequin;Arlequin (allée de l');Parc Sud;NANTERRE;92000;92050;643305.8765999973;6865899.677700002;2.226807049132748;48.890610130475345
419;Enseignement;Enseignement Supérieur;Ecole de danse de l'Opéra de Paris;20 all de la Danse;Danse (allée de la);Parc Nord;NANTERRE;92000;92050;642874.2796000019;6866307.5086;2.220866442156871;48.89423939188892
420;Enseignement;Enseignement Supérieur;Institut de formation en soins infirmiers (IFSI);1 r du 1er Mai;1er Mai (rue du);Petit Nanterre;NANTERRE;92000;92050;642285.0975999981;6867904.1598000005;2.2126140198902595;48.90854456341461
168;Enseignement;Enseignement Supérieur;Université Paris Nanterre;200 av de la République;République (avenue de la);Université;NANTERRE;92000;92050;642181.9479999989;6867333.831900001;2.211284592197446;48.903406713470766
895;Enseignement;Formation Continue;AFPA Centre de formation;28 av de l'Ile Saint Martin;Ile Saint Martin (avenue de l');Petit Nanterre;NANTERRE;92000;92050;642805.7305999994;6868848.9241;2.219589001998365;48.91708665212072
424;Enseignement;Formation Continue;Centre d'enseignement supérieur et formation professionnelle (CESI);93 bd de la Seine;Seine (boulevard de la);Chemin de l'Ile;NANTERRE;92000;92050;640869.3562000021;6867350.174800001;2.1933780424211666;48.903434435282165
423;Enseignement;Formation Continue;Institut de Formation Professionnelle des métiers (IFPM);4 bd du Levant;Levant (boulevard du);Centre;NANTERRE;92000;92050;641293.8191;6865851.583799999;2.1993751609404124;48.88999732894846
422;Enseignement;Formation Continue;Paris Beauty Academy;22 r des Venêts;Venêts (rue des);Centre;NANTERRE;92000;92050;641578.5756999999;6865825.850099999;2.20326189946641;48.889791820482415
174;Enseignement;Lycée Public;Lycée Joliot Curie;92 av Frédéric et Irène Joliot Curie;Joliot Curie (avenue Frédéric et Irène);La Boule - Champs Pierreux;NANTERRE;92000;92050;641857.7775000036;6865898.818300001;2.207059340849308;48.89047325940817
173;Enseignement;Lycée professionnel;Lycée Professionnel Claude Chappe;54 r des Alouettes;Alouettes (rue des);Plateau - Mont-Valérien;NANTERRE;92000;92050;642164.8997000009;6865120.1543999985;2.211353637091323;48.8834987758096
172;Enseignement;Lycée professionnel;Lycée Professionnel Louise Michel;11 bd du Midi;Midi (boulevard du);Vieux-Pont - Sainte-Geneviève;NANTERRE;92000;92050;640877.6723000035;6865812.797800001;2.193705616319621;48.889610468022454
185;Equipements Techniques Municipaux;Services Techniques;Centre Horticole Municipal Félix Faure;66 av Félix Faure;Faure (avenue Félix);Plateau - Mont-Valérien;NANTERRE;92000;92050;642705.0386999995;6865121.9509;2.218718311927289;48.883563218062946
178;Equipements Techniques Municipaux;Services Techniques;Centre Technique Municipal;20 av de la Liberté;Liberté (avenue de la);La Boule - Champs Pierreux;NANTERRE;92000;92050;642066.1526999995;6865633.807;2.2099371221237347;48.88810893098453
179;Equipements Techniques Municipaux;Services Techniques;Centre Technique des Guilleraies;67 av des Guilleraies;Guilleraies (avenue des);Chemin de l'Ile;NANTERRE;92000;92050;639808.2201000005;6866564.275699999;2.17901520592589;48.89626898640759
180;Equipements Techniques Municipaux;Services Techniques;Cuisine Centrale UCPA;83 bd de la Seine;Seine (boulevard de la);Chemin de l'Ile;NANTERRE;92000;92050;640895.9180999994;6867244.931600001;2.1937550157431933;48.90249048985564
898;Equipements Techniques Municipaux;Services Techniques;Régie des Espaces Verts;2 r de Metz;Metz (rue de);Petit Nanterre;NANTERRE;92000;92050;643317.4610999972;6868251.392999999;2.226650922618212;48.91175874787549
961;Equipements Techniques Municipaux;Services Techniques;Régie des centres de vacances et centres de loisirs;23 bis r Pierre Sergent;Sergent (rue Pierre);Plateau - Mont-Valérien;NANTERRE;92000;92050;641493.5464999974;6865101.513900001;2.2022021718400784;48.883270501645015
186;Justice;Centre Pénitentiaire;Maison d'arrêt;133 av de la Commune de Paris;Commune de Paris (avenue de la);République;NANTERRE;92000;92050;641832.1965999976;6867615.965500001;2.206475160885462;48.90591225028455
187;Justice;Juridiction Civile et Pénale;Conseil des Prud'hommes;2 r Pablo Neruda;Neruda (rue Pablo);Parc Nord;NANTERRE;92000;92050;642511.1357999966;6866408.065000001;2.2159002563458468;48.89511131566353
189;Justice;Juridiction Civile et Pénale;Tribunal de Grande Instance;179 av Frédéric et Irène Joliot Curie;Joliot Curie (avenue Frédéric et Irène);Université;NANTERRE;92000;92050;642600.9821000025;6866685.0262;2.2170881511100293;48.897609890236645
188;Justice;Juridiction Civile et Pénale;Tribunal de Grande Instance (Extension);6 r Pablo Neruda;Neruda (rue Pablo);Parc Nord;NANTERRE;92000;92050;642504.5182000026;6866428.910500001;2.2158071802835395;48.89529817682186
190;Justice;Juridiction Civile et Pénale;Tribunal de commerce;4 r Pablo Neruda;Neruda (rue Pablo);Parc Nord;NANTERRE;92000;92050;642507.496100001;6866418.984099999;2.2158491382626324;48.895209180108026
527;Loisirs;Centre de loisirs maternel;Centre de loisirs maternel Abdelmalek Sayad;56 r Abdelmalek Sayad;Sayad (rue Abdelmalek);Vieux-Pont - Sainte-Geneviève;NANTERRE;92000;92050;641011.6092000008;6865485.977600001;2.195577489726019;48.886683827153966
71;Loisirs;Centre de loisirs maternel;Centre de loisirs maternel Anatole France;162 av de la République;République (avenue de la);République;NANTERRE;92000;92050;642002.549999997;6867226.815400001;2.208852153682623;48.90242824138407
789;Loisirs;Centre de loisirs maternel;Centre de loisirs maternel Arc en Ciel - Voltaire;57 bd de la Seine;Seine (boulevard de la);Chemin de l'Ile;NANTERRE;92000;92050;640951.0258999988;6866981.9102;2.1945432919887717;48.9001303601022
42;Loisirs;Centre de loisirs maternel;Centre de loisirs maternel Balzac;4 bd Honoré de Balzac;Balzac (boulevard Honoré de);Université;NANTERRE;92000;92050;641990.5243000016;6866516.462299999;2.2087852128455525;48.8960393716916
62;Loisirs;Centre de loisirs maternel;Centre de loisirs maternel Cotton - Voltaire;57 bd de la Seine;Seine (boulevard de la);Chemin de l'Ile;NANTERRE;92000;92050;640964.5196999982;6866980.7195999995;2.1947275068325998;48.90012089141237
792;Loisirs;Centre de loisirs maternel;Centre de loisirs maternel Danielle Casanova - Pavillon des Lilas;21 r Thomas Lemaître;Lemaître (rue Thomas);Vieux-Pont - Sainte-Geneviève;NANTERRE;92000;92050;640734.7463999987;6865729.586800002;2.19176818246097;48.88884905519946
793;Loisirs;Centre de loisirs maternel;Centre de loisirs maternel Danielle Casanova - Pavillon des Potagers;28 r Thomas Lemaître;Lemaître (rue Thomas);Vieux-Pont - Sainte-Geneviève;NANTERRE;92000;92050;640757.3427999988;6865862.971500002;2.1920577083768436;48.8900505927394
72;Loisirs;Centre de loisirs maternel;Centre de loisirs maternel Elsa Triolet;130 r Salvador Allende;Allende (rue Salvador);Parc Nord;NANTERRE;92000;92050;643196.0684999973;6866133.5326000005;2.225278295051944;48.89270338977677
36;Loisirs;Centre de loisirs maternel;Centre de loisirs maternel France Bloch;52 bd National;National (boulevard);Vieux-Pont - Sainte-Geneviève;NANTERRE;92000;92050;640517.8210000023;6865456.102899998;2.188848374926247;48.88636975225929
73;Loisirs;Centre de loisirs maternel;Centre de loisirs maternel Henri Wallon;3 r de Zilina;Zilina (rue de);Chemin de l'Ile;NANTERRE;92000;92050;640551.1783000007;6866582.0649;2.1891455637794084;48.89649799115703
41;Loisirs;Centre de loisirs maternel;Centre de loisirs maternel Jacques Decour;8 r Jacques Decour;Decour (rue Jacques);Parc Sud;NANTERRE;92000;92050;643177.946800001;6865465.660500001;2.225120541772552;48.886695946545885
64;Loisirs;Centre de loisirs maternel;Centre de loisirs maternel Jacques Prévert;23 r Pierre Sergent;Sergent (rue Pierre);Plateau - Mont-Valérien;NANTERRE;92000;92050;641542.7437999994;6865102.3024;2.2028728753077584;48.88328206040645
59;Loisirs;Centre de loisirs maternel;Centre de loisirs maternel Jean de la Fontaine;5 r de l'Agriculture;Agriculture (rue de l');Petit Nanterre;NANTERRE;92000;92050;643129.8438000008;6868178.4241;2.22410110979721;48.91108603640285
39;Loisirs;Centre de loisirs maternel;Centre de loisirs maternel Joliot Curie;15 r de la Côte des Amandiers;Côte des Amandiers (rue de la);La Boule - Champs Pierreux;NANTERRE;92000;92050;641769.0317000002;6865689.4683;2.2058778244098294;48.88858266211075
886;Loisirs;Centre de loisirs maternel;Centre de loisirs maternel Jules Ferry;5 r des Chailliers;Chailliers (rue des);Plateau - Mont-Valérien;NANTERRE;92000;92050;641505.6283000037;6864957.809999999;2.202386701980378;48.881979336424244
552;Loisirs;Centre de loisirs maternel;Centre de loisirs maternel Lucie Aubrac;1 all de Savoie;Savoie (allée de);Université;NANTERRE;92000;92050;642763.4318000004;6866902.865499999;2.2192744129235704;48.89958325816171
38;Loisirs;Centre de loisirs maternel;Centre de loisirs maternel Maxime Gorki;14 all de l'Arlequin;Arlequin (allée de l');Parc Sud;NANTERRE;92000;92050;643446.7031000033;6865926.824700002;2.228723898741794;48.890866635214884
798;Loisirs;Centre de loisirs maternel;Centre de loisirs maternel Miriam Makeba;190 bd Abdenbi Guémiah;Guémiah (boulevard Abdenbi);Université;NANTERRE;92000;92050;642327.2444999963;6866799.186700001;2.2133391556735447;48.89861200448309
65;Loisirs;Centre de loisirs maternel;Centre de loisirs maternel Pablo Néruda;18 r Pablo Neruda;Neruda (rue Pablo);Parc Nord;NANTERRE;92000;92050;642596.6403999999;6866399.6543999985;2.217067528041869;48.89504331347077
67;Loisirs;Centre de loisirs maternel;Centre de loisirs maternel Pablo Picasso;75 av Pablo Picasso;Picasso (avenue Pablo);Parc Sud;NANTERRE;92000;92050;642904.7259000018;6865824.499899998;2.2213466298870532;48.88989864538224
70;Loisirs;Centre de loisirs maternel;Centre de loisirs maternel Paul Langevin;11 r Paul Langevin;Langevin (rue Paul);Vieux-Pont - Sainte-Geneviève;NANTERRE;92000;92050;640266.0412999988;6865961.9069;2.185343967311022;48.89089487082389
60;Loisirs;Centre de loisirs maternel;Centre de loisirs maternel Robespierre;18 all Fernand Léger;Léger (allée Fernand);Parc Sud;NANTERRE;92000;92050;642665.0604000017;6865791.600200001;2.2180827781473225;48.88958149712488
553;Loisirs;Centre de loisirs maternel;Centre de loisirs maternel Romain Rolland;5 r Romain Rolland;Rolland (rue Romain);Plateau - Mont-Valérien;NANTERRE;92000;92050;642536.6327000037;6864793.967799999;2.216466433665222;48.88059880418212
61;Loisirs;Centre de loisirs maternel;Centre de loisirs maternel Rouget de Lisle;20 r Rouget de Lisle;Rouget de Lisle (rue);République;NANTERRE;92000;92050;641466.0648000017;6866701.816599999;2.201606821063573;48.897658683793836
791;Loisirs;Centre de loisirs maternel;Centre de loisirs maternel Soufflot;17 bd Jacques-Germain Soufflot;Soufflot (boulevard Jacques-Germain);Université;NANTERRE;92000;92050;642313.5247000009;6866665.248500001;2.213170232933827;48.89740634600168
43;Loisirs;Centre de loisirs maternel;Centre de loisirs maternel Victor Hugo;45 r Victor Hugo;Hugo (rue Victor);Centre;NANTERRE;92000;92050;641637.4340000004;6866262.0777;2.2040045714952656;48.89371992017141
68;Loisirs;Centre de loisirs maternel;Centre de loisirs maternel des Pâquerettes;10 r des Aubépines;Aubépines (rue des);Petit Nanterre;NANTERRE;92000;92050;642752.9296000004;6867960.366500001;2.218988500281866;48.90909177443419
63;Loisirs;Centre de loisirs maternel;Centre de loisirs maternel du Moulin des Gibets;118 r de Saint-Cloud;Saint-Cloud (rue de);Plateau - Mont-Valérien;NANTERRE;92000;92050;641316.2981999964;6864844.7886000015;2.1998208415832465;48.88094576013253
54;Loisirs;Centre de loisirs élémentaire;Centre de loisirs Ludo Parc;1 all des Demoiselles d'Avignon;Demoiselles d'Avignon (allée des);Parc Sud;NANTERRE;92000;92050;643268.9024000019;6865692.5934999995;2.2263304987787254;48.88874466728693
45;Loisirs;Centre de loisirs élémentaire;Centre de loisirs du Petit Nanterre;243 av de la Commune de Paris;Commune de Paris (avenue de la);République;NANTERRE;92000;92050;642033.0280999988;6867747.489700001;2.2091967508440926;48.90711307990779
528;Loisirs;Centre de loisirs élémentaire;Centre de loisirs élémentaire Abdelmalek Sayad;56 r Abdelmalek Sayad;Sayad (rue Abdelmalek);Vieux-Pont - Sainte-Geneviève;NANTERRE;92000;92050;640951.4561000019;6865491.5471;2.1947564664539994;48.88672839722456
531;Loisirs;Centre de loisirs élémentaire;Centre de loisirs élémentaire Anatole France;162 av de la République;République (avenue de la);République;NANTERRE;92000;92050;642002.549999997;6867222.052900001;2.2088528045699105;48.90238541515685
530;Loisirs;Centre de loisirs élémentaire;Centre de loisirs élémentaire Jean de la Fontaine;5 r de l'Agriculture;Agriculture (rue de l');Petit Nanterre;NANTERRE;92000;92050;643130.3729000017;6868160.829300001;2.224110686709879;48.910927864907045
794;Loisirs;Centre de loisirs élémentaire;Centre de loisirs élémentaire Joliot Curie;15 r de la Côte des Amandiers;Côte des Amandiers (rue de la);La Boule - Champs Pierreux;NANTERRE;92000;92050;641818.7290999964;6865724.7129999995;2.2065506951985547;48.88890409255959
388;Loisirs;Centre de loisirs élémentaire;Centre de loisirs élémentaire Lucie Aubrac;1 all de Savoie;Savoie (allée de);Université;NANTERRE;92000;92050;642762.0785999969;6866886.245499998;2.219258197480796;48.8994336838335
49;Loisirs;Centre de loisirs élémentaire;Centre de loisirs élémentaire Maison du Chemin de l'Ile;61 bd du Général Leclerc;Leclerc (boulevard du Général);Chemin de l'Ile;NANTERRE;92000;92050;640753.5691;6866762.3532;2.1918807220507435;48.89813787469866
788;Loisirs;Centre de loisirs élémentaire;Centre de loisirs élémentaire Maxime Gorki;14 all de l'Arlequin;Arlequin (allée de l');Parc Sud;NANTERRE;92000;92050;643415.1748000011;6865906.603799999;2.2282966369687824;48.89068202858756
799;Loisirs;Centre de loisirs élémentaire;Centre de loisirs élémentaire Miriam Makeba;190 bd Abdenbi Guémiah;Guémiah (boulevard Abdenbi);Université;NANTERRE;92000;92050;642326.1860999987;6866756.8533000015;2.2133304724789653;48.89823122988272
529;Loisirs;Centre de loisirs élémentaire;Centre de loisirs élémentaire Pablo Néruda;18 r Pablo Neruda;Neruda (rue Pablo);Parc Nord;NANTERRE;92000;92050;642597.566399999;6866436.960700002;2.2170751121374423;48.89537887115482
795;Loisirs;Centre de loisirs élémentaire;Centre de loisirs élémentaire Romain Rolland;5 r Romain Rolland;Rolland (rue Romain);Plateau - Mont-Valérien;NANTERRE;92000;92050;642609.2520999983;6864802.124499999;2.217455458097668;48.88067862998798
50;Loisirs;Centre de loisirs élémentaire;Centre de loisirs élémentaire Rouget de Lisle;20 r Rouget de Lisle;Rouget de Lisle (rue);République;NANTERRE;92000;92050;641462.8046000004;6866697.628899999;2.2015629330569633;48.89762072981498
52;Loisirs;Centre de loisirs élémentaire;Centre de loisirs élémentaire de l'Etang;5 all de l'Etang;Etang (allée de l');Parc Sud;NANTERRE;92000;92050;642655.0221000016;6865989.144000001;2.217919205491167;48.89135701417739
48;Loisirs;Centre de loisirs élémentaire;Centre de loisirs élémentaire des Bizis;12 bd Honoré de Balzac;Balzac (boulevard Honoré de);Université;NANTERRE;92000;92050;642056.9345000014;6866475.188999999;2.2096965820811976;48.89567420477777
51;Loisirs;Centre de loisirs élémentaire;Centre de loisirs élémentaire des Damades;59 r Paul Vaillant-Couturier;Vaillant-Couturier (rue Paul);Plateau - Mont-Valérien;NANTERRE;92000;92050;641580.7431000024;6865252.122099999;2.203370391127921;48.88463276692579
53;Loisirs;Centre de loisirs élémentaire;Centre de loisirs élémentaire des Fontenelles;40 r des Ecoles;Ecoles (rue des);Parc Sud;NANTERRE;92000;92050;642659.819600001;6865465.385600001;2.21805536437164;48.886647541896906
56;Loisirs;Centre de loisirs élémentaire;Centre de loisirs élémentaire des Gavroches;2 r Morelly;Morelly (rue);Vieux-Pont - Sainte-Geneviève;NANTERRE;92000;92050;640196.4716000035;6865798.899599999;2.184418199203236;48.8894225765327
58;Loisirs;Centre de loisirs élémentaire;Centre de loisirs élémentaire des Hauts Gibets;2 ch des Hauts Gibets;Hauts Gibets (chemin des);Plateau - Mont-Valérien;NANTERRE;92000;92050;641305.0834000036;6864746.1239;2.1996815682330473;48.88005749050709
55;Loisirs;Centre de loisirs élémentaire;Maison de l'enfance;30 r des Aubépines;Aubépines (rue des);Petit Nanterre;NANTERRE;92000;92050;642997.4565000013;6868046.938700002;2.222312688717387;48.909891964231186
251;Loisirs;Clubs séniors;Club Amitié et Loisirs des Séniors (salle d'activités du square);22 av Louis Meunier;Meunier (avenue Louis);Centre;NANTERRE;92000;92050;641299.5606999993;6866185.350099999;2.199407309377533;48.89299923336566
246;Loisirs;Clubs séniors;Salle d'activité des Muguets;354 av de la République;République (avenue de la);Petit Nanterre;NANTERRE;92000;92050;642818.680399999;6868109.1000000015;2.219865421313834;48.91043508084383
309;Loisirs;Espace Jeunesse;Espace Arts Plastiques Thomas Lemaître;71 r Thomas Lemaître;Lemaître (rue Thomas);Vieux-Pont - Sainte-Geneviève;NANTERRE;92000;92050;640421.314000003;6866015.4135;2.187453929071068;48.89139041356007
313;Loisirs;Espace Jeunesse;Espace Jeunesse Picasso;118 ter av Pablo Picasso;Picasso (avenue Pablo);Parc Sud;NANTERRE;92000;92050;643206.7902999967;6865625.816100001;2.2254924323612983;48.88813869462272
316;Loisirs;Espace Jeunesse;Espace Jeunesse de l'Université;10 bd Jules Mansart;Mansart (boulevard Jules);Université;NANTERRE;92000;92050;642250.8836999983;6866769.343199998;2.2123017181208455;48.8983367935331
310;Loisirs;Espace Jeunesse;Espace Jeunesse du Chemin de l'Ile;61 bd du Général Leclerc;Leclerc (boulevard du Général);Chemin de l'Ile;NANTERRE;92000;92050;640774.1344000027;6866780.071699999;2.192158739992057;48.89829909888396
314;Loisirs;Espace Jeunesse;Espace Jeunesse du Petit Nanterre;20 r des Pâquerettes;Pâquerettes (rue des);Petit Nanterre;NANTERRE;92000;92050;642443.9100999981;6867828.4837;2.2147907712569803;48.90787827934922
308;Loisirs;Espace Jeunesse;Espace Jeunesse du Vieux-Pont;71 r Thomas Lemaître;Lemaître (rue Thomas);Vieux-Pont - Sainte-Geneviève;NANTERRE;92000;92050;640406.4506999999;6866012.613899998;2.1872516277014338;48.89136386270583
840;Loisirs;Espace Jeunesse;Structure Information Jeunesse (SIJ);49 r Maurice Thorez;Thorez (rue Maurice);Centre;NANTERRE;92000;92050;641022.5806000009;6866130.827300001;2.1956375198344973;48.89248362621893
380;Première Enfance;Crèche Collective Municipale;Crèche collective Castel Marly;11 r du Castel Marly;Castel Marly (rue du);Centre;NANTERRE;92000;92050;641081.8940000013;6865792.5733;2.196493350833145;48.88944732024702
204;Première Enfance;Crèche Collective Municipale;Crèche collective Champ aux Melles;2 all Fernand Léger;Léger (allée Fernand);Parc Sud;NANTERRE;92000;92050;642677.0395999998;6865604.995099999;2.218271329673813;48.88790451618621
211;Première Enfance;Crèche Collective Municipale;Crèche collective Chat Perché;55 av de la Liberté;Liberté (avenue de la);La Boule - Champs Pierreux;NANTERRE;92000;92050;642115.2652999982;6865836.820999999;2.210579164498398;48.88993895064538
205;Première Enfance;Crèche Collective Municipale;Crèche collective Courte Echelle;70 r de Suresnes;Suresnes (rue de);Plateau - Mont-Valérien;NANTERRE;92000;92050;642208.1841999963;6865294.904199999;2.2119200488295125;48.88507410587266
738;Première Enfance;Crèche Collective Municipale;Crèche collective Grand Champ;35 r Diderot;Diderot (rue);La Boule - Champs Pierreux;NANTERRE;92000;92050;642146.3498999998;6865615.7566;2.211033184264846;48.887953823671985
206;Première Enfance;Crèche Collective Municipale;Crèche collective Ile aux trésors;9 bd du Général Leclerc;Leclerc (boulevard du Général);Chemin de l'Ile;NANTERRE;92000;92050;640978.4672000036;6866617.6175;2.1949682378261746;48.896857011095506
208;Première Enfance;Crèche Collective Municipale;Crèche collective La Farandole;9 all de la Danse;Danse (allée de la);Parc Nord;NANTERRE;92000;92050;642927.6458000019;6866352.7754999995;2.2215881666608004;48.89465118595368
201;Première Enfance;Crèche Collective Municipale;Crèche collective Parc;104 r Salvador Allende;Allende (rue Salvador);Parc Nord;NANTERRE;92000;92050;643108.0817999989;6866290.892900001;2.2240572745697365;48.894110679197325
198;Première Enfance;Crèche Collective Municipale;Crèche collective Petit Navire;69 r Lamartine;Lamartine (rue);Vieux-Pont - Sainte-Geneviève;NANTERRE;92000;92050;640218.7603999972;6865745.0539;2.18472972681095;48.88894044088487
379;Première Enfance;Crèche Collective Municipale;Crèche collective Petit Poucet;30 av de la République;République (avenue de la);République;NANTERRE;92000;92050;641346.4465000033;6866790.9234;2.199963044943848;48.898449081108204
199;Première Enfance;Crèche Collective Municipale;Crèche collective Petit Prince;1 bd Jules Mansart;Mansart (boulevard Jules);Université;NANTERRE;92000;92050;642318.9818999991;6866701.991;2.213239669669245;48.897737239293804
207;Première Enfance;Crèche Collective Municipale;Crèche collective Pinocchio;207 r Paul Vaillant-Couturier;Vaillant-Couturier (rue Paul);Plateau - Mont-Valérien;NANTERRE;92000;92050;641910.8729000017;6864754.287900001;2.2079399712297154;48.88018583650814
209;Première Enfance;Crèche Collective Municipale;Crèche collective Pongerville;4 r de Pongerville;Pongerville (rue de);Centre;NANTERRE;92000;92050;641152.195100002;6866294.7689;2.1973824167151306;48.89396972261019
866;Première Enfance;Crèche Collective Municipale;Crèche collective Souris Verte;310 bd des Provinces Françaises;Provinces Françaises (boulevard des);Université;NANTERRE;92000;92050;642507.0596999973;6867062.0361;2.215756079993516;48.90099173928393
203;Première Enfance;Crèche Collective Municipale;Crèche collective Voltaire;1 r Voltaire;Voltaire (rue);Chemin de l'Ile;NANTERRE;92000;92050;640848.3642000034;6866802.547899999;2.1931680320615277;48.898508038821824
873;Première Enfance;Crèche Collective Privée;Crèche collective Babilou;55 av des Champs Pierreux;Champs Pierreux (avenue des);La Boule - Champs Pierreux;NANTERRE;92000;92050;642426.492899999;6865530.634799998;2.2148648641924855;48.88721347564236
871;Première Enfance;Crèche Collective Privée;Crèche collective Les Petits Chaperons Rouges - LPCR de la Boule;3 av du Maréchal Joffre;Joffre (avenue du Maréchal);Plateau - Mont-Valérien;NANTERRE;92000;92050;641314.6194000021;6865465.002900001;2.199712243797227;48.8865229006005
876;Première Enfance;Crèche Collective Privée;Crèche collective Les Petits Chaperons Rouges - LPCR des Groues;79 av François Arago;Arago (avenue François);Parc Nord;NANTERRE;92000;92050;642932.0876000002;6866933.4976;2.221570665211477;48.89987368858051
872;Première Enfance;Crèche Collective Privée;Crèche collective Les Petits Chaperons Rouges - LPCR du Centre;20 bd du Sud-Est;Sud-Est (boulevard du);Centre;NANTERRE;92000;92050;641083.2058999985;6865777.2091999985;2.196513372896376;48.88930927898866
878;Première Enfance;Crèche Collective Privée;Crèche collective Maison Bleue;31 r des Hautes Pâtures;Hautes Pâtures (rue des);Petit Nanterre;NANTERRE;92000;92050;642701.2835000008;6868704.897399999;2.218183380514459;48.915782232557504
875;Première Enfance;Crèche Collective Privée;Crèche collective les Tintinabules;50 rte des Fusillés de la Résistance;Fusillés de la Résistance (route des);Plateau - Mont-Valérien;NANTERRE;92000;92050;642945.9658000022;6864937.162099998;2.22202823812917;48.881922885946516
869;Première Enfance;Crèche Collective Privée;Micro crèche La Cabane d'Achille et Camille;27 av du Maréchal Joffre;Joffre (avenue du Maréchal);Plateau - Mont-Valérien;NANTERRE;92000;92050;641155.0769999996;6865366.917300001;2.1975503193061754;48.885626304518716
874;Première Enfance;Crèche Collective Privée;Micro crèche La Girafe Etoilée;90 r de Garches;Garches (rue de);Plateau - Mont-Valérien;NANTERRE;92000;92050;641722.8291999996;6864563.615400001;2.2054022818869674;48.87845421076763
870;Première Enfance;Crèche Collective Privée;Micro crèche Les Petits Calissons;12 av Félix Faure;Faure (avenue Félix);Plateau - Mont-Valérien;NANTERRE;92000;92050;642417.1850000024;6865335.377500001;2.214764418419071;48.885456787674
197;Première Enfance;Crèche Collective du CASH;Crèche collective CASH/Pomme d'Api;399 av de la République;République (avenue de la);Petit Nanterre;NANTERRE;92000;92050;642959.2648999989;6868253.4877;2.22176390115614;48.91174593715029
192;Première Enfance;Crèche Familiale Municipale;Crèche familiale Amitié Rosiers - Antenne du Parc;95 r des Rosiers;Rosiers (rue des);Parc Sud;NANTERRE;92000;92050;643360.3255999982;6865604.374400001;2.2275889699340796;48.887959404148326
936;Première Enfance;Crèche Familiale Municipale;Crèche familiale Amitié Rosiers - Antenne du Petit Nanterre;4 pl des Muguets;Muguets (place des);Petit Nanterre;NANTERRE;92000;92050;642844.375699997;6868110.962400001;2.220215712998787;48.91045411055736
193;Première Enfance;Halte Accueil Municipale;Crèche familiale Castel Marly;11 r du Castel Marly;Castel Marly (rue du);Centre;NANTERRE;92000;92050;641078.3290999979;6865792.200100001;2.196444788993369;48.88944363802533
196;Première Enfance;Halte Accueil Municipale;Halte accueil Les Robinsons;5 r de la Chasse;Chasse (rue de la);Chemin de l'Ile;NANTERRE;92000;92050;640967.6186999977;6866645.0689;2.1948164606616487;48.89710287069551
194;Première Enfance;Halte Accueil Municipale;Halte accueil Parc;104 r Salvador Allende;Allende (rue Salvador);Parc Nord;NANTERRE;92000;92050;643112.3800000027;6866289.103100002;2.2241161333350328;48.89409496429102
195;Première Enfance;Halte Accueil Municipale;Halte accueil Pinocchio;207 r Paul Vaillant-Couturier;Vaillant-Couturier (rue Paul);Plateau - Mont-Valérien;NANTERRE;92000;92050;641914.4381000027;6864758.526999999;2.2079880006382364;48.88022427848171
877;Première Enfance;Halte Accueil Privée;Halte accueil Kidibouts;3 r de Strasbourg;Strasbourg (rue de);Petit Nanterre;NANTERRE;92000;92050;643215.181599997;6868303.650600001;2.225248564933439;48.91221964895846
737;Première Enfance;Relais Parents Assistants Maternels;RPAM Les Gentianes (Chemin de l'Ile);3 r de la Chasse;Chasse (rue de la);Chemin de l'Ile;NANTERRE;92000;92050;640970.5734999999;6866651.248599999;2.194855901003468;48.89715871204327
212;Première Enfance;Relais Parents Assistants Maternels;RPAM de l'Arlequin;30 all de l'Arlequin;Arlequin (allée de l');Parc Sud;NANTERRE;92000;92050;643221.8329999968;6865870.9125000015;2.2256647850783327;48.890344053323524
213;Première Enfance;Relais Parents Assistants Maternels;RPAM du Centre;1 r Waldeck Rochet;Rochet (rue Waldeck);Centre;NANTERRE;92000;92050;641150.2817000002;6865890.4739000015;2.1974123664714504;48.89033394322389
733;Santé;Centre Municipal de Santé;Centre Gratuit d'Information de Dépistage et de Diagnostic (CeGIDD);18 r Maurice Thorez;Thorez (rue Maurice);Centre;NANTERRE;92000;92050;641052.3627000004;6866020.5353999995;2.196058988730558;48.89149455885714
230;Santé;Centre Municipal de Santé;Centre Médico-Sportif;136 av Frédéric et Irène Joliot Curie;Joliot Curie (avenue Frédéric et Irène);La Boule - Champs Pierreux;NANTERRE;92000;92050;642208.8844000027;6866081.884199999;2.2118224799527018;48.89215108664411
231;Santé;Centre Municipal de Santé;Centre de santé Maurice Thorez;18 r Maurice Thorez;Thorez (rue Maurice);Centre;NANTERRE;92000;92050;641031.0141000003;6866022.543000001;2.1957675730418806;48.89151065712436
232;Santé;Centre Municipal de Santé;Centre de santé des Pâquerettes;20 r des Pâquerettes;Pâquerettes (rue des);Petit Nanterre;NANTERRE;92000;92050;642470.8090000004;6867848.606199998;2.215154986946975;48.90806163264499
233;Santé;Centre Municipal de Santé;Centre de santé du Parc;79 av Pablo Picasso;Picasso (avenue Pablo);Parc Sud;NANTERRE;92000;92050;642813.0424000025;6865787.77;2.2201012980858326;48.88956021486033
882;Santé;Centre Municipal de Santé;Espace Santé Jeunes;10 r des Carriers;Carriers (rue des);La Boule - Champs Pierreux;NANTERRE;92000;92050;641802.677199997;6865551.393599998;2.2063555575665;48.887344067486076
884;Santé;Centre Municipal de Santé;Service prévention santé;4 imp du Chemin de Fer;Chemin de Fer (impasse du);Centre;NANTERRE;92000;92050;641084.5804999992;6866115.110800002;2.196485227082014;48.89234797293574
864;Santé;Centre Médico-Psychologique Adulte;Centre Médico-Psychologique Nanterre Centre;1 r du Vieux-Pont;Vieux-Pont (rue du);Vieux-Pont - Sainte-Geneviève;NANTERRE;92000;92050;640567.2211999968;6866092.048500001;2.189432972319825;48.89209303531826
865;Santé;Centre Médico-Psychologique Adulte;Centre Médico-Psychologique Petit Nanterre;21 pl des Muguets;Muguets (place des);Petit Nanterre;NANTERRE;92000;92050;642935.1921999976;6868098.2621;2.2214563665550107;48.910347963845844
934;Santé;Centre Médico-Psychologique Infanto-Juvénile;Centre Médico-Psycho Pédagogique Les Provinces Françaises;5 all de Savoie;Savoie (allée de);Université;NANTERRE;92000;92050;642739.0843999982;6867015.600699998;2.218927117635155;48.90059485449607
226;Santé;Centre Médico-Psychologique Infanto-Juvénile;Centre Médico-Psychologique Jean Wier;8 vla des Marronniers;Marronniers (villa des);Plateau - Mont-Valérien;NANTERRE;92000;92050;642816.1582000032;6865041.752799999;2.2202442524472867;48.88285190995169
224;Santé;Centre Médico-Psychologique Infanto-Juvénile;Centre Médico-Psychologique La coursive des Loupiots;144 r Salvador Allende;Allende (rue Salvador);Parc Nord;NANTERRE;92000;92050;643221.9332000017;6866092.305500001;2.2256365426447995;48.892334937281234
225;Santé;Centre Médico-Psychologique Infanto-Juvénile;Centre Médico-Psychologique Wladimir Granoff;78 r Henri Barbusse;Barbusse (rue Henri);Centre;NANTERRE;92000;92050;640659.8747999966;6866097.5911;2.1906957543509513;48.89215142329082
580;Santé;Centre Médico-Psychologique Infanto-Juvénile;Unité de jour Adolescents;15 r des Goulvents;Goulvents (rue des);Vieux-Pont - Sainte-Geneviève;NANTERRE;92000;92050;640563.9550999999;6865755.018599998;2.1894356138347866;48.88906200646511
579;Santé;Centre Médico-Psychologique Infanto-Juvénile;Unité de jour Le Parc;39 r Volant;Volant (rue);Centre;NANTERRE;92000;92050;641149.5486000031;6866126.338100001;2.197369673550535;48.89245487582128
217;Santé;Centre de Protection Maternelle Infantile;PMI Départementale Anatole France;192 av de la République;République (avenue de la);République;NANTERRE;92000;92050;642070.128899999;6867164.074200001;2.2097825059859124;48.90187013357692
219;Santé;Centre de Protection Maternelle Infantile;PMI Départementale Benoît Frachon;4 av Benoît Frachon;Frachon (avenue Benoît);Chemin de l'Ile;NANTERRE;92000;92050;640978.4272999987;6866585.5901999995;2.194972147107294;48.89656900468047
382;Santé;Centre de Protection Maternelle Infantile;PMI Départementale Champ aux Melles;2 all Fernand Léger;Léger (allée Fernand);Parc Sud;NANTERRE;92000;92050;642676.6375999972;6865627.228500001;2.218262846205695;48.88810441452551
214;Santé;Centre de Protection Maternelle Infantile;PMI Départementale Jacques Decour;9 r Jacques Decour;Decour (rue Jacques);Parc Sud;NANTERRE;92000;92050;643137.0766000003;6865502.259399999;2.2245583315777906;48.887021455169446
216;Santé;Centre de Protection Maternelle Infantile;PMI Municipale Maurice Thorez;18 r Maurice Thorez;Thorez (rue Maurice);Centre;NANTERRE;92000;92050;641046.4430999979;6866001.296500001;2.195980933069488;48.89132101181901
218;Santé;Centre de Protection Maternelle Infantile;PMI Municipale des Pâquerettes;20 r des Pâquerettes;Pâquerettes (rue des);Petit Nanterre;NANTERRE;92000;92050;642468.0014000013;6867853.393800002;2.215116037431097;48.90810443343608
235;Santé;Equipement hospitalier;Clinique de la Défense;16 bd Emile Zola;Zola (boulevard Emile);Université;NANTERRE;92000;92050;642184.433799997;6866354.0396;2.2114519696441053;48.8945962382114
234;Santé;Equipement hospitalier;Hôpital Max Fourestier;403 av de la République;République (avenue de la);Petit Nanterre;NANTERRE;92000;92050;643067.2304999977;6868352.012800001;2.223223613135731;48.91264146614329
236;Santé;Médecine du Travail;Médecine du Travail;4 r des Anciennes Mairies;Anciennes Mairies (rue des);Centre;NANTERRE;92000;92050;641175.2104000002;6865928.609000001;2.19774703481059;48.89067915001729
271;Sports;Boulodrome;Boulodrome du Centre;r de Courbevoie;Courbevoie (rue de);Centre;NANTERRE;92000;92050;641663.1186999977;6866156.2071;2.204369405109273;48.8927702115774
272;Sports;Boulodrome;Boulodrome du Mont-Valérien;r des Molières;Molières (rue des);Plateau - Mont-Valérien;NANTERRE;92000;92050;641443.4813999981;6864585.2031;2.201590712680513;48.87862299948606
270;Sports;Boulodrome;Boulodrome du Petit Nanterre;r des Pâquerettes;Pâquerettes (rue des);Petit Nanterre;NANTERRE;92000;92050;642488.4098000005;6867868.024700001;2.215392458719113;48.90823782342825
863;Sports;Espace street workout;Espace street workout Marcelin Berthlot;all Léon Tolstoï;Tolstoï (allée Léon);Université;NANTERRE;92000;92050;642215.8310000002;6866693.272700001;2.2118339873455035;48.89764958993643
862;Sports;Espace street workout;Espace street workout Paul Langevin;4 r Morelly;Morelly (rue);Vieux-Pont - Sainte-Geneviève;NANTERRE;92000;92050;640248.6784999967;6865898.148499999;2.1851161622575304;48.89031991527572
935;Sports;Espace street workout;Espace street workout du Radis creux;5 all de Savoie;Savoie (allée de);Université;NANTERRE;92000;92050;642733.1098999977;6867078.556000002;2.2188371320510334;48.901160442734934
288;Sports;Gymnase ou Complexe Sportif;Centre sportif Voltaire;44 r de l'Union;Union (rue de l');Chemin de l'Ile;NANTERRE;92000;92050;640890.1371000037;6867036.181499999;2.193705237971187;48.90061280020694
284;Sports;Gymnase ou Complexe Sportif;Complexe sportif Paul Eluard;24 r Salvador Allende;Allende (rue Salvador);Parc Nord;NANTERRE;92000;92050;642757.7761000022;6866479.506999999;2.2192543686256276;48.895775731771295
283;Sports;Gymnase ou Complexe Sportif;Complexe sportif Paul Vaillant Couturier;all des Marronniers;Marronniers (allée des);Plateau - Mont-Valérien;NANTERRE;92000;92050;641471.8787999973;6865144.5923999995;2.2019007927289533;48.883655917321114
453;Sports;Gymnase ou Complexe Sportif;Complexe sportif Université Paris Nanterre;200 av de la République;République (avenue de la);Université;NANTERRE;92000;92050;642323.3268000036;6867373.5977;2.2132076549944486;48.90377698618304
275;Sports;Gymnase ou Complexe Sportif;Complexe sportif des Chenevreux;22 r de Suresnes;Suresnes (rue de);Plateau - Mont-Valérien;NANTERRE;92000;92050;642031.3852000013;6865350.242600001;2.209501730089921;48.88555584540592
281;Sports;Gymnase ou Complexe Sportif;Gymnase Evariste Galois;5 r des Ecoles;Ecoles (rue des);Parc Sud;NANTERRE;92000;92050;642770.1630000025;6865452.4087000005;2.219561761684558;48.886540663805995
285;Sports;Gymnase ou Complexe Sportif;Gymnase Jean de La Fontaine;5 r de l'Agriculture;Agriculture (rue de l');Petit Nanterre;NANTERRE;92000;92050;643194.8682999983;6868135.0744;2.224994008834147;48.910701963988835
280;Sports;Gymnase ou Complexe Sportif;Gymnase Léo Lagrange;10 r des Aubépines;Aubépines (rue des);Petit Nanterre;NANTERRE;92000;92050;642761.0025999993;6868009.2293;2.219092039129424;48.90953188327219
279;Sports;Gymnase ou Complexe Sportif;Gymnase Pablo Picasso;75 av Pablo Picasso;Picasso (avenue Pablo);Parc Sud;NANTERRE;92000;92050;642963.0082999989;6865818.048300002;2.2221422882998154;48.88984579511304
273;Sports;Gymnase ou Complexe Sportif;Gymnase Paul Langevin;4 r Morelly;Morelly (rue);Vieux-Pont - Sainte-Geneviève;NANTERRE;92000;92050;640172.8144999966;6865825.2797;2.1840918767834503;48.889657600743014
278;Sports;Gymnase ou Complexe Sportif;Gymnase Pierre de Coubertin;31 bd du Midi;Midi (boulevard du);Vieux-Pont - Sainte-Geneviève;NANTERRE;92000;92050;640741.7738000005;6865947.8882;2.191833543229437;48.89081277021785
277;Sports;Gymnase ou Complexe Sportif;Gymnase Romain Rolland;194 r de Suresnes;Suresnes (rue de);Plateau - Mont-Valérien;NANTERRE;92000;92050;642642.0925000012;6864819.9602999985;2.217900811349444;48.8808419456681
286;Sports;Gymnase ou Complexe Sportif;Gymnase République;6 r Anatole France;France (rue Anatole);République;NANTERRE;92000;92050;641876.2405999973;6867178.5024;2.207135889985279;48.90198239945674
276;Sports;Gymnase ou Complexe Sportif;Gymnase Victor Hugo;32 r Marcelin Berthelot;Berthelot (rue Marcelin);Centre;NANTERRE;92000;92050;641728.6626999974;6866311.0066;2.2052420210210455;48.8941681745117
274;Sports;Gymnase ou Complexe Sportif;Palais des Sports Maurice Thorez;136 av Frédéric et Irène Joliot Curie;Joliot Curie (avenue Frédéric et Irène);La Boule - Champs Pierreux;NANTERRE;92000;92050;642182.1661999971;6866058.191;2.2114613378764734;48.89193562735458
287;Sports;Gymnase ou Complexe Sportif;Tennis Michel Jacquet;138 r de Garches;Garches (rue de);Plateau - Mont-Valérien;NANTERRE;92000;92050;641552.1099999994;6864544.6763;2.203077323217095;48.87826842761722
291;Sports;Piscine;Piscine Paul Vaillant Couturier;all des Marronniers;Marronniers (allée des);Plateau - Mont-Valérien;NANTERRE;92000;92050;641465.4368999973;6865135.869899999;2.2018141581606097;48.88357689442146
290;Sports;Piscine;Piscine Université Paris Nanterre;200 av de la République;République (avenue de la);Université;NANTERRE;92000;92050;642364.8426999971;6867343.487799998;2.2137780434124097;48.90350994520808
289;Sports;Piscine;Piscine du Palais des Sports;136 av Frédéric et Irène Joliot Curie;Joliot Curie (avenue Frédéric et Irène);La Boule - Champs Pierreux;NANTERRE;92000;92050;642167.4588000029;6866026.7476;2.2112650502311477;48.89165155245837
860;Sports;Skatepark;Skatepark Hoche;1 r Becquet;Becquet (rue);Chemin de l'Ile;NANTERRE;92000;92050;641274.5333999991;6866811.333000001;2.1989793905057335;48.89862605624963
861;Sports;Skatepark;Skatepark Paul Vaillant Couturier;all des Marronniers;Marronniers (allée des);Plateau - Mont-Valérien;NANTERRE;92000;92050;641482.9777999967;6865171.695999999;2.2020483954970835;48.883900655952615
292;Sports et Loisirs;Stade;Stade Gabriel Péri;136 av Frédéric et Irène Joliot Curie;Joliot Curie (avenue Frédéric et Irène);La Boule - Champs Pierreux;NANTERRE;92000;92050;642067.5499000028;6865990.232700001;2.209907540812535;48.89131421093731
294;Sports et Loisirs;Stade;Stade Jean Guimier;43 all des Trois Musiciens;Trois Musiciens (allée des);Parc Sud;NANTERRE;92000;92050;643054.4528999999;6865788.504099999;2.2233932713966773;48.88958821315317
729;Sports et Loisirs;Stade;Stade Paris La Défense Arena;99 jard de l'Arche;Arche (jardin de l');Parc Nord;NANTERRE;92000;92050;643481.9350000024;6866379.354699999;2.2291441148953313;48.894939098026555
293;Sports et Loisirs;Stade;Stade Vincent Pascucci;135 av de la Commune de Paris;Commune de Paris (avenue de la);République;NANTERRE;92000;92050;642012.6677000001;6867647.881900001;2.2089326197652657;48.906215537843416
11;Vie Administrative;Collectivité territoriale;Hôtel de Ville;1 pl du 27 Mars 2002;27 Mars 2002 (place du);Centre;NANTERRE;92000;92050;641859.7678999975;6866091.221000001;2.2070601349355465;48.892203615146734
14;Vie Administrative;Collectivité territoriale;Hôtel de Ville - Tour A;130 r du 8 Mai 1945;8 Mai 1945 (rue du);Centre;NANTERRE;92000;92050;641918.5113999993;6866115.767000001;2.2078578903902897;48.89242964636832
821;Vie Administrative;Collectivité territoriale;Hôtel du Département Arena;57 r des Longues Raies;Longues Raies (rue des);Parc Nord;NANTERRE;92000;92050;643632.4378999993;6866514.959100001;2.2311787026311136;48.89617171091808
12;Vie Administrative;Collectivité territoriale;Hôtel du département (Annexe);28 bd Emile Zola;Zola (boulevard Emile);Université;NANTERRE;92000;92050;642379.2258000001;6866434.243999999;2.214097679948455;48.89533493613281
10;Vie Administrative;Collectivité territoriale;Mairie de quartier du Chemin de l'Ile;8 bd du Général Leclerc;Leclerc (boulevard du Général);Chemin de l'Ile;NANTERRE;92000;92050;640994.1630999967;6866674.676199999;2.1951743770959173;48.89737154524079
8;Vie Administrative;Collectivité territoriale;Mairie de quartier du Parc;118 av Pablo Picasso;Picasso (avenue Pablo);Parc Sud;NANTERRE;92000;92050;643172.4904000014;6865606.4859;2.2250272905641624;48.887961841031036
7;Vie Administrative;Collectivité territoriale;Mairie de quartier du Petit Nanterre;4 pl des Muguets;Muguets (place des);Petit Nanterre;NANTERRE;92000;92050;642844.3746000007;6868109.677499998;2.2202158711032136;48.91044255621448
9;Vie Administrative;Collectivité territoriale;Mairie de quartier du Plateau - Mont-Valérien;207 r Paul Vaillant-Couturier;Vaillant-Couturier (rue Paul);Plateau - Mont-Valérien;NANTERRE;92000;92050;641891.2704000026;6864732.4023;2.2076756983513244;48.879987260259135
15;Vie Administrative;Consulat;Consulat d'Algérie;63 av Georges Clemenceau;Clemenceau (avenue Georges);La Boule - Champs Pierreux;NANTERRE;92000;92050;641747.3269999996;6865517.5462;2.205605434153178;48.887034689321695
31;Vie Administrative;Institutions;Archives départementales;137 av Frédéric et Irène Joliot Curie;Joliot Curie (avenue Frédéric et Irène);Université;NANTERRE;92000;92050;642287.809799999;6866363.467500001;2.2128605423595733;48.89469029352018
34;Vie Administrative;Institutions;Centre des finances publiques - Nanterre Tivoli;235 av Georges Clemenceau;Clemenceau (avenue Georges);Parc Sud;NANTERRE;92000;92050;642713.8083999977;6865398.776500002;2.218800544599234;48.886053363416615
381;Vie Administrative;Institutions;Centre des finances publiques - Service de gestion comptable de Nanterre;73 r Henri Barbusse;Barbusse (rue Henri);Vieux-Pont - Sainte-Geneviève;NANTERRE;92000;92050;640579.4848999977;6866053.818500001;2.189605568527794;48.8917503860261
28;Vie Administrative;Institutions;Chambre de Commerce et d'Industrie de Paris;55 pl Nelson Mandela;Mandela (place Nelson);Université;NANTERRE;92000;92050;642773.5209000036;6866771.014400002;2.2194298007090008;48.898398494179546
27;Vie Administrative;Institutions;Chambre des Métiers et de l'Artisanat;17 bis r des Venêts;Venêts (rue des);Centre;NANTERRE;92000;92050;641571.577200003;6865875.535799999;2.203159624283044;48.89023798302419
24;Vie Administrative;Institutions;Direction Départementale du Travail, de l'Emploi et de la Formation Professionnelle (DDTEFP);13 r de Lens;Lens (rue de);Parc Nord;NANTERRE;92000;92050;643116.1294;6866915.022599999;2.2240833839459335;48.899723842966914
33;Vie Administrative;Institutions;Direction départementale des Finances publiques;167 av Frédéric et Irène Joliot Curie;Joliot Curie (avenue Frédéric et Irène);Université;NANTERRE;92000;92050;642528.9642999992;6866652.0383;2.216110372971824;48.897306823433645
32;Vie Administrative;Institutions;Inspection Académique;167 av Frédéric et Irène Joliot Curie;Joliot Curie (avenue Frédéric et Irène);Université;NANTERRE;92000;92050;642529.2479000017;6866641.064199999;2.216115726853738;48.89720816487894
25;Vie Administrative;Institutions;Préfecture des Hauts-de-Seine;167 av Frédéric et Irène Joliot Curie;Joliot Curie (avenue Frédéric et Irène);Université;NANTERRE;92000;92050;642530.5359999985;6866630.305500001;2.216134751711188;48.89711153295963
354;Vie Associative;Maison des associations;Maison des Associations Sadi Carnot;27 r Sadi Carnot;Sadi Carnot (rue);Centre;NANTERRE;92000;92050;641544.4475999996;6865781.212099999;2.202802645617764;48.889387316451774
352;Vie Associative;Maison des associations;Maison des Associations du Parc des Anciennes Mairies;11 r des Anciennes Mairies;Anciennes Mairies (rue des);Centre;NANTERRE;92000;92050;641177.3871000037;6866060.927000001;2.19775838537258;48.89186921352559
938;Vie Associative;Maison des associations;Société d'Histoire de Nanterre;9 r des Anciennes Mairies;Anciennes Mairies (rue des);Centre;NANTERRE;92000;92050;641149.7233000025;6865980.041200001;2.1973923360545733;48.891139323114785
248;Vie Associative;Salle polyvalente;Maison de quartier Berthelot;3 all du Colonel Fabien;Fabien (allée du Colonel);Université;NANTERRE;92000;92050;642064.6581000015;6866470.986499999;2.2098024932091125;48.89563710916163
250;Vie Associative;Salle polyvalente;Maison du Chemin de l'Ile;57 bd du Général Leclerc;Leclerc (boulevard du Général);Chemin de l'Ile;NANTERRE;92000;92050;640768.3156000003;6866751.4498;2.1920833713826338;48.89804118396812
428;Vie Associative;Salle polyvalente;Salle de l'antenne de quartier Anatole France;176 bis av de la République;République (avenue de la);République;NANTERRE;92000;92050;641901.4299999997;6867300.951400001;2.20746271033086;48.90308578152646
319;Vie Associative;Salle polyvalente;Salle de l'école Elsa Triolet;130 r Salvador Allende;Allende (rue Salvador);Parc Nord;NANTERRE;92000;92050;643186.2839000002;6866182.455699999;2.2251383086999033;48.89314246640031
341;Vie Associative;Salle polyvalente;Salle de l'école La Fontaine;5 r de l'Agriculture;Agriculture (rue de l');Petit Nanterre;NANTERRE;92000;92050;643199.6569000036;6868135.326499999;2.225059302899748;48.91070465358674
331;Vie Associative;Salle polyvalente;Salle de l'école des Pâquerettes;10 r des Aubépines;Aubépines (rue des);Petit Nanterre;NANTERRE;92000;92050;642694.5066;6867925.418900002;2.218196218308799;48.9087723146045
330;Vie Associative;Salle polyvalente;Salle de la MJ des Pâquerettes;20 r des Pâquerettes;Pâquerettes (rue des);Petit Nanterre;NANTERRE;92000;92050;642438.560800001;6867838.863400001;2.2147163899982676;48.907971138815775
679;Vie Associative;Salle polyvalente;Salle de la Maison de l'Enfance;30 r des Aubépines;Aubépines (rue des);Petit Nanterre;NANTERRE;92000;92050;642995.494599998;6868064.531300001;2.2222835603007787;48.91004998904881
430;Vie Associative;Salle polyvalente;Salle de la Maison des Associations;11 r des Anciennes Mairies;Anciennes Mairies (rue des);Centre;NANTERRE;92000;92050;641174.375;6866046.2168000005;2.1977193465255067;48.891736657463944
249;Vie Associative;Salle polyvalente;Salle de la Source;100 r de la Source;Source (rue de la);Plateau - Mont-Valérien;NANTERRE;92000;92050;641871.9193999991;6865113.472600002;2.20735970487322;48.88341230821838
326;Vie Associative;Salle polyvalente;Salle de la mairie de quartier du Parc;118 av Pablo Picasso;Picasso (avenue Pablo);Parc Sud;NANTERRE;92000;92050;643177.0265000015;6865606.4859;2.2250891466620835;48.88796224136862
328;Vie Associative;Salle polyvalente;Salle de la mairie de quartier du Petit Nanterre;4 pl des Muguets;Muguets (place des);Petit Nanterre;NANTERRE;92000;92050;642843.7184000015;6868117.964200001;2.2202058025771563;48.91051701468104
318;Vie Associative;Salle polyvalente;Salle de la mairie de quartier du Plateau - Mont-Valérien;207 r Paul Vaillant-Couturier;Vaillant-Couturier (rue Paul);Plateau - Mont-Valérien;NANTERRE;92000;92050;641889.5307999998;6864733.991999999;2.2076517626458556;48.8800013987642
939;Vie Associative;Salle polyvalente;Salle de quartier Abdelmalek-Sayad;56 r Abdelmalek Sayad;Sayad (rue Abdelmalek);Vieux-Pont - Sainte-Geneviève;NANTERRE;92000;92050;640986.5119000003;6865502.710900001;2.195232936872951;48.88683200155731
337;Vie Associative;Salle polyvalente;Salle de quartier Anatole France;7 r Anatole France;France (rue Anatole);République;NANTERRE;92000;92050;642038.6987999976;6867245.567899998;2.2093426680770474;48.90260012705574
332;Vie Associative;Salle polyvalente;Salle de quartier Joliot Curie;15 r de la Côte des Amandiers;Côte des Amandiers (rue de la);La Boule - Champs Pierreux;NANTERRE;92000;92050;641734.3721999973;6865723.804000001;2.205400477100222;48.88888829007345
320;Vie Associative;Salle polyvalente;Salle de quartier Le Corbusier;49 esp Charles de Gaulle;Gaulle (esplanade Charles de);Parc Nord;NANTERRE;92000;92050;643019.4189999998;6866301.557799999;2.222846658694372;48.894198741779505
339;Vie Associative;Salle polyvalente;Salle de quartier Romain Rolland;1 r Romain Rolland;Rolland (rue Romain);Plateau - Mont-Valérien;NANTERRE;92000;92050;642638.7233999968;6864878.3431;2.217846990103372;48.88136665689862
333;Vie Associative;Salle polyvalente;Salle de quartier Soufflot;17 bd Jacques-Germain Soufflot;Soufflot (boulevard Jacques-Germain);Université;NANTERRE;92000;92050;642356.0146000013;6866653.900199998;2.2137512879293513;48.89730810327401
800;Vie Associative;Salle polyvalente;Salle de quartier Université;75 tsse de l'Université;Université (terrasse de l');Université;NANTERRE;92000;92050;642430.7986999974;6866864.359200001;2.2147427096405115;48.89920733197146
323;Vie Associative;Salle polyvalente;Salle de quartier Voltaire;35 r Voltaire;Voltaire (rue);Chemin de l'Ile;NANTERRE;92000;92050;640921.8971000016;6866868.134599999;2.1941618262398546;48.899104572924564
338;Vie Associative;Salle polyvalente;Salle de quartier des Gavroches;2 r Morelly;Morelly (rue);Vieux-Pont - Sainte-Geneviève;NANTERRE;92000;92050;640198.5106000006;6865803.559999999;2.1844453480508745;48.88946467438904
937;Vie Associative;Salle polyvalente;Salle de quartier des Provinces Françaises;5 all de Savoie;Savoie (allée de);Université;NANTERRE;92000;92050;642729.5151999965;6866997.842599999;2.2187989929737353;48.9004343150897
340;Vie Associative;Salle polyvalente;Salle de quartier des Tulipes;2 res des Tulipes;Tulipes (résidence des);Petit Nanterre;NANTERRE;92000;92050;643020.016400002;6868136.4221;2.222608435455677;48.9106986265342
327;Vie Associative;Salle polyvalente;Salle de quartier du Plateau;227 av Georges Clemenceau;Clemenceau (avenue Georges);Parc Sud;NANTERRE;92000;92050;642564.2282999977;6865428.697700001;2.2167568394333994;48.88630910526145
324;Vie Associative;Salle polyvalente;Salle des Guignons;7 bd du Général Leclerc;Leclerc (boulevard du Général);Chemin de l'Ile;NANTERRE;92000;92050;640985.9184999987;6866623.042800002;2.19506910943782;48.896906480741244
329;Vie Associative;Salle polyvalente;Salle des Iris;7 res des Iris;Iris (résidence des);Petit Nanterre;NANTERRE;92000;92050;642668.4340000004;6867832.083999999;2.217853152377768;48.907930693071535
252;Vie Associative;Salle polyvalente;Salle du Plateau;72 rte des Fusillés de la Résistance;Fusillés de la Résistance (route des);Plateau - Mont-Valérien;NANTERRE;92000;92050;642861.2233999968;6864851.4727;2.2208843194979835;48.881144804274996
881;Vie Associative;Salle polyvalente;Salle polyvalente de l'espace Hoche;3 r Ampère;Ampère (rue);Chemin de l'Ile;NANTERRE;92000;92050;641242.487499997;6866889.232299998;2.198531527040576;48.899323633736344
322;Vie Associative;Salle polyvalente;Salles de quartier Jacques Decour;r des Rosiers;Rosiers (rue des);Parc Sud;NANTERRE;92000;92050;643242.8405999988;6865468.0506;2.2260051190419157;48.88672316313308
317;Vie Associative;Salle polyvalente;Salles de quartier Maxime Gorki;72 bd de Pesaro;Pesaro (boulevard de);Parc Sud;NANTERRE;92000;92050;643419.1695000008;6865952.664099999;2.2283449746342434;48.89109657691531
321;Vie Associative;Salle polyvalente;Salles du foyer du Champs aux Melles;11 all Fernand Léger;Léger (allée Fernand);Parc Sud;NANTERRE;92000;92050;642554.7563999966;6865640.606699999;2.216599011991882;48.888213855525926
708;Vie Pratique;Consigne vélo sécurisée;Véligo Nanterre Université;143 crs Nicole Dreyfus;Dreyfus (cours Nicole);République;NANTERRE;92000;92050;642241.8650999963;6867110.0297;2.212132347809061;48.901399576546815
536;Vie Pratique;Fourrière;Fourrière;39 r des Agglomérés;Agglomérés (rue des);Chemin de l'Ile;NANTERRE;92000;92050;640145.818400003;6866469.5331999995;2.1836329029091934;48.89544849967786
296;Vie Pratique;Gare;Gare Nanterre Préfecture;bd de Pesaro;Pesaro (boulevard de);Parc Nord;NANTERRE;92000;92050;643041.3087000027;6866457.961599998;2.223124204505678;48.895607133952
298;Vie Pratique;Gare;Gare Nanterre Université;esp Patrice Chéreau;Chéreau (esplanade Patrice);Université;NANTERRE;92000;92050;642323.0451999977;6867068.4934;2.213245281767782;48.90103334450345
297;Vie Pratique;Gare;Gare Nanterre Ville;r Béranger;Béranger (rue);Chemin de l'Ile;NANTERRE;92000;92050;641038.1406000033;6866471.720400002;2.195802370886296;48.89555051135723
237;Vie Pratique;Gendarmerie;Gendarmerie Nationale;80 r Rouget de Lisle;Rouget de Lisle (rue);République;NANTERRE;92000;92050;641567.6471000016;6866947.350900002;2.2029584887211597;48.899875856550814
344;Vie Pratique;Marchés;Marché Charles de Gaulle;esp Charles de Gaulle;Gaulle (esplanade Charles de);Parc Nord;NANTERRE;92000;92050;643029.0133000016;6866434.522;2.222959660813519;48.89539526641178
342;Vie Pratique;Marchés;Marché Pablo Picasso;av Pablo Picasso;Picasso (avenue Pablo);Parc Sud;NANTERRE;92000;92050;642952.6916999966;6865746.9835;2.2220111504591418;48.88920583058401
345;Vie Pratique;Marchés;Marché de la Gare;av Benoît Frachon;Frachon (avenue Benoît);Chemin de l'Ile;NANTERRE;92000;92050;641005.5707999989;6866533.8363999985;2.1953495397346794;48.89610610086135
343;Vie Pratique;Marchés;Marché du Centre;pl du Maréchal Foch;Foch (place du Maréchal);Centre;NANTERRE;92000;92050;640959.5838000029;6865759.697799999;2.194830009756561;48.889140484047
820;Vie Pratique;Parking;Parking Becquet;16 r Becquet;Becquet (rue);République;NANTERRE;92000;92050;641313.0939999968;6866684.822000001;2.1995228172682197;48.89749193416811
299;Vie Pratique;Parking;Parking Hôtel de Ville;73 av Frédéric et Irène Joliot Curie;Joliot Curie (avenue Frédéric et Irène);Centre;NANTERRE;92000;92050;641953.9240999967;6866054.6864;2.208349184289696;48.89188357483176
520;Vie Pratique;Parking;Parking La Croix;21 r de la Croix;Croix (rue de la);Vieux-Pont - Sainte-Geneviève;NANTERRE;92000;92050;640956.0402999967;6865530.1547;2.194813608260186;48.88707599625149
300;Vie Pratique;Parking;Parking Le Marché;pl du Maréchal Foch;Foch (place du Maréchal);Centre;NANTERRE;92000;92050;640934.9316999987;6865731.011700001;2.194497828046684;48.88888026392138
521;Vie Pratique;Parking;Parking Les Chenevreux;10 r de Suresnes;Suresnes (rue de);Plateau - Mont-Valérien;NANTERRE;92000;92050;642046.7181999981;6865400.471000001;2.2097039519568216;48.88600890556286
301;Vie Pratique;Parking;Parking Les Lumières;r Maurice Thorez;Thorez (rue Maurice);Centre;NANTERRE;92000;92050;641027.7281000018;6866104.494199999;2.195711377069779;48.8922472986281
305;Vie Pratique;Parking;Parking Les Terrasses;17 r Célestin Hébert;Hébert (rue Célestin);Parc Nord;NANTERRE;92000;92050;643061.3866000026;6866541.422699999;2.223386839476126;48.89635943005293
896;Vie Pratique;Parking;Parking Nanterre Coeur Université;180 all d'Aquitaine;Aquitaine (allée d');Université;NANTERRE;92000;92050;642551.9549999982;6867150.726;2.2163564371718785;48.90179328260977
302;Vie Pratique;Parking;Parking Pablo Picasso;av Pablo Picasso;Picasso (avenue Pablo);Parc Sud;NANTERRE;92000;92050;642915.9948000014;6865711.759799998;2.221515460672585;48.88888582869598
304;Vie Pratique;Parking;Parking Préfecture;r des Trois Fontanot;Trois Fontanot (rue des);Parc Nord;NANTERRE;92000;92050;642774.4545999989;6866528.4032000005;2.2194752453431588;48.89621691110019
303;Vie Pratique;Parking;Parking Salvador Allende;r Salvador Allende;Allende (rue Salvador);Parc Nord;NANTERRE;92000;92050;642981.7608999982;6866397.6493999995;2.2223201690638557;48.89505950780593
678;Vie Pratique;Parking;Parking des Provinces Françaises;55 all d'Aquitaine;Aquitaine (allée d');Université;NANTERRE;92000;92050;642678.1617999971;6867146.6325;2.218078452925202;48.90176772327444
241;Vie Pratique;Police;Bureau de police Les Fontenelles;3 r de la Paix;Paix (rue de la);Parc Sud;NANTERRE;92000;92050;642979.4642999992;6865565.9364;2.2224005547780115;48.88758013357059
239;Vie Pratique;Police;Bureau de police Les Muguets;4 pl des Muguets;Muguets (place des);Petit Nanterre;NANTERRE;92000;92050;642844.5336999968;6868106.002999999;2.220218536644035;48.910409528025134
364;Vie Pratique;Police;CRS Autoroutière Ouest Ile de France;21 r Gutenberg;Gutenberg (rue);Chemin de l'Ile;NANTERRE;92000;92050;641152.0562999994;6867417.899500001;2.197224795686008;48.90406934755554
238;Vie Pratique;Police;Commissariat de Police;54 r du 19 Mars 1962;19 Mars 1962 (rue du);Centre;NANTERRE;92000;92050;641701.6834999993;6866133.116799999;2.204898508497538;48.892566066262006
356;Vie Pratique;Poste;Poste Alouettes;58 r de Suresnes;Suresnes (rue de);Plateau - Mont-Valérien;NANTERRE;92000;92050;642153.3621999994;6865333.217599999;2.2111672973755385;48.885413717425145
347;Vie Pratique;Poste;Poste Chemin de l'Ile;15 bd du Général Leclerc;Leclerc (boulevard du Général);Chemin de l'Ile;NANTERRE;92000;92050;640886.5649999976;6866690.0209;2.1937047293542484;48.89749965977164
351;Vie Pratique;Poste;Poste Muguets;11 pl des Muguets;Muguets (place des);Petit Nanterre;NANTERRE;92000;92050;642901.6723000035;6868114.186900001;2.2209969359040596;48.910488192034705
348;Vie Pratique;Poste;Poste Pablo Picasso;102 av Pablo Picasso;Picasso (avenue Pablo);Parc Sud;NANTERRE;92000;92050;642995.7782000005;6865657.1602;2.222610768836921;48.888401909724166
350;Vie Pratique;Poste;Poste Principale;10 r Waldeck Rochet;Rochet (rue Waldeck);Centre;NANTERRE;92000;92050;641279.7807999998;6865920.8456999995;2.199174142651786;48.890618884465965
522;Vie Pratique;Poste;Poste Terrasses;81 pl Nelson Mandela;Mandela (place Nelson);Parc Nord;NANTERRE;92000;92050;642808.5182999969;6866715.2886000015;2.2199146437404504;48.89790049393612
431;Vie Pratique;Propreté;Centre de tri des déchets;16 r Lavoisier;Lavoisier (rue);Chemin de l'Ile;NANTERRE;92000;92050;639547.4790000021;6866532.091499999;2.17546367360657;48.89595514156142
182;Vie Pratique;Propreté;Déchèterie;59 av des Guilleraies;Guilleraies (avenue des);Chemin de l'Ile;NANTERRE;92000;92050;639900.9447000027;6866553.536600001;2.180281351181575;48.89618107906513
242;Vie Pratique;Sapeurs Pompiers;Caserne des pompiers;6 r de l'Industrie;Industrie (rue de l');République;NANTERRE;92000;92050;641462.7920000032;6866909.828899998;2.2015334943995413;48.899528917394434
892;Vie Pratique;Station de recharge de véhicule électrique;Station de recharge de véhicule électrique;19 r de Suresnes;Suresnes (rue de);Plateau - Mont-Valérien;NANTERRE;92000;92050;642169.3693000004;6865311.219999999;2.2113885614029725;48.88521734126573
887;Vie Pratique;Station de recharge de véhicule électrique;Station de recharge de véhicule électrique 8 mai 1945;109 r du 8 Mai 1945;8 Mai 1945 (rue du);Centre;NANTERRE;92000;92050;641807.7915999964;6866132.6565000005;2.206345629185975;48.89257152652325
954;Vie Pratique;Station de recharge de véhicule électrique;Station de recharge de véhicule électrique Champs Pierreux;29 av des Champs Pierreux;Champs Pierreux (avenue des);La Boule - Champs Pierreux;NANTERRE;92000;92050;642291.8408999965;6865699.9925;2.2130057063507578;48.888724371709586
891;Vie Pratique;Station de recharge de véhicule électrique;Station de recharge de véhicule électrique Gambetta;20 r Gambetta;Gambetta (rue);Centre;NANTERRE;92000;92050;641292.9399999976;6865640.8519;2.1993923107427173;48.888102245876894
946;Vie Pratique;Station de recharge de véhicule électrique;Station de recharge de véhicule électrique Gascogne;1 all de Gascogne;Gascogne (allée de);Université;NANTERRE;92000;92050;642448.8686000034;6866922.894099999;2.21498123357274;48.89973531780432
941;Vie Pratique;Station de recharge de véhicule électrique;Station de recharge de véhicule électrique Guilleraies;5 av des Guilleraies;Guilleraies (avenue des);Chemin de l'Ile;NANTERRE;92000;92050;640320.3988000005;6866270.070900001;2.186041925042764;48.89367105814804
943;Vie Pratique;Station de recharge de véhicule électrique;Station de recharge de véhicule électrique Hoche;1 av Hoche;Hoche (avenue);Chemin de l'Ile;NANTERRE;92000;92050;641409.8084999993;6866936.629999999;2.20080713167563;48.89976510334756
951;Vie Pratique;Station de recharge de véhicule électrique;Station de recharge de véhicule électrique Joffre;28 av du Maréchal Joffre;Joffre (avenue du Maréchal);Vieux-Pont - Sainte-Geneviève;NANTERRE;92000;92050;641081.6228;6865376.789799999;2.196547346798634;48.88570836596373
940;Vie Pratique;Station de recharge de véhicule électrique;Station de recharge de véhicule électrique Lavoisier;14 r Lavoisier;Lavoisier (rue);Chemin de l'Ile;NANTERRE;92000;92050;639470.3377000019;6866469.830200002;2.174420467342485;48.895388014679035
952;Vie Pratique;Station de recharge de véhicule électrique;Station de recharge de véhicule électrique Luaps;17 r des Luaps Prolongée;Luaps Prolongée (rue des);Plateau - Mont-Valérien;NANTERRE;92000;92050;642109.3105000034;6864823.202100001;2.2106361446211213;48.880823421639015
947;Vie Pratique;Station de recharge de véhicule électrique;Station de recharge de véhicule électrique Neruda;6 r Pablo Neruda;Neruda (rue Pablo);Parc Nord;NANTERRE;92000;92050;642576.927199997;6866479.616900001;2.2167878572998934;48.895760614239535
893;Vie Pratique;Station de recharge de véhicule électrique;Station de recharge de véhicule électrique Paul Vaillant Couturier;94 r Paul Vaillant-Couturier;Vaillant-Couturier (rue Paul);Plateau - Mont-Valérien;NANTERRE;92000;92050;641636.8972999975;6865071.901000001;2.2041608498694325;48.883017215354315
890;Vie Pratique;Station de recharge de véhicule électrique;Station de recharge de véhicule électrique Pesaro 1;bd de Pesaro;Pesaro (boulevard de);Parc Nord;NANTERRE;92000;92050;643143.1739000008;6866455.491099998;2.2245138144481755;48.8955939226061
948;Vie Pratique;Station de recharge de véhicule électrique;Station de recharge de véhicule électrique Pesaro 2;2 bd de Pesaro;Pesaro (boulevard de);Parc Nord;NANTERRE;92000;92050;642811.7336999997;6866618.923099998;2.2199714825651635;48.89703421891144
944;Vie Pratique;Station de recharge de véhicule électrique;Station de recharge de véhicule électrique Peupliers;13 r des Peupliers;Peupliers (rue des);Petit Nanterre;NANTERRE;92000;92050;642483.0573000014;6868366.150699999;2.2152519061022353;48.912716655754735
888;Vie Pratique;Station de recharge de véhicule électrique;Station de recharge de véhicule électrique Raspail;5 bd François-Vincent Raspail;Raspail (boulevard François-Vincent);Centre;NANTERRE;92000;92050;641887.7004000023;6866563.254900001;2.207376443799989;48.89645087748283
889;Vie Pratique;Station de recharge de véhicule électrique;Station de recharge de véhicule électrique Rigault;1 r Rigault;Rigault (rue);Centre;NANTERRE;92000;92050;641188.9272999987;6866247.6699;2.197889893074671;48.89354954411939
945;Vie Pratique;Station de recharge de véhicule électrique;Station de recharge de véhicule électrique République;av de la République;République (avenue de la);Petit Nanterre;NANTERRE;92000;92050;643080.6736000031;6868284.876200002;2.2234160239637952;48.91203894154483
950;Vie Pratique;Station de recharge de véhicule électrique;Station de recharge de véhicule électrique W. Rochet;8 r Waldeck Rochet;Rochet (rue Waldeck);Centre;NANTERRE;92000;92050;641199.4729999974;6865905.182799999;2.198081150091571;48.89047070697145
942;Vie Pratique;Station de recharge de véhicule électrique;Station de recharge de véhicule électrique boulevard National;bd National;National (boulevard);Vieux-Pont - Sainte-Geneviève;NANTERRE;92000;92050;640185.4742000028;6865687.453499999;2.184283931091756;48.888419379700835
949;Vie Pratique;Station de recharge de véhicule électrique;Station de recharge de véhicule électrique rue de la Gare;9 r de la Gare;Gare (rue de la);Centre;NANTERRE;92000;92050;641219.3981000036;6866497.522999998;2.198270850382524;48.89579911466824
953;Vie Pratique;Station de recharge de véhicule électrique;Station de recharge de véhicule électrique rue des Ecoles;5 r des Ecoles;Ecoles (rue des);Parc Sud;NANTERRE;92000;92050;642796.7206000015;6865467.559999999;2.2199218606408078;48.886679272206976
307;Vie Pratique;Taxis;Taxis de La Boule;pl de la Boule;Boule (place de la);Vieux-Pont - Sainte-Geneviève;NANTERRE;92000;92050;641306.7883000001;6865520.160799999;2.1995978347972374;48.88701819429877
306;Vie Pratique;Taxis;Taxis des Terrasses de l'Arche;pl François Mitterrand;Mitterrand (place François);Parc Nord;NANTERRE;92000;92050;643100.5490999967;6866457.7951;2.2239321714352314;48.89561087530872
101;Vie Pratique;Tourisme;Office de Tourisme;4 r du Marché;Marché (rue du);Vieux-Pont - Sainte-Geneviève;NANTERRE;92000;92050;640967.7749999985;6865854.322700001;2.194928553823365;48.889992146979836
416;Vie Pratique;WC Publics;WC Publics - Parc des Anciennes Mairies;r Maurice Thorez;Thorez (rue Maurice);Centre;NANTERRE;92000;92050;641067.503200002;6866045.076200001;2.1962620573467233;48.89171662702601
415;Vie Pratique;WC Publics;WC Publics - Place de la Boule;pl de la Boule;Boule (place de la);Vieux-Pont - Sainte-Geneviève;NANTERRE;92000;92050;641297.7964000031;6865533.531800002;2.199473371702316;48.88713761327533
880;Vie Sociale;Centre Social et Culturel;Centre Social et Culturel Les Acacias - Espace Hoche;31 av de la Commune de Paris;Commune de Paris (avenue de la);Chemin de l'Ile;NANTERRE;92000;92050;641254.6388999969;6866871.085099999;2.198699775907889;48.89916155590611
360;Vie Sociale;Centre Social et Culturel;Centre social et culturel Hissez-Haut;6 r Eugène Varlin;Varlin (rue Eugène);Vieux-Pont - Sainte-Geneviève;NANTERRE;92000;92050;640291.6437000036;6865989.044199999;2.185689293352564;48.8911412764893
361;Vie Sociale;Centre Social et Culturel;Centre social et culturel La Traverse;68 bd des Provinces Françaises;Provinces Françaises (boulevard des);Université;NANTERRE;92000;92050;642381.1895999983;6866889.782299999;2.2140626231913356;48.89943150859682
363;Vie Sociale;Centre Social et Culturel;Centre social et culturel Les Acacias - Espace Sorbiers;1 r des Sorbiers;Sorbiers (rue des);Chemin de l'Ile;NANTERRE;92000;92050;640708.4847000018;6866980.842700001;2.1912352921706666;48.900098466737326
93;Vie Sociale;Centre Social et Culturel;Centre social et culturel Maison pour Tous;33 r Paul Vaillant-Couturier;Vaillant-Couturier (rue Paul);Plateau - Mont-Valérien;NANTERRE;92000;92050;641541.7524000034;6865360.550900001;2.20282380691939;48.88560427627711
359;Vie Sociale;Centre Social et Culturel;Centre social et culturel P'Arc en Ciel;79 av Pablo Picasso;Picasso (avenue Pablo);Parc Sud;NANTERRE;92000;92050;642818.4433000013;6865782.6127;2.2201756437479174;48.88951431751572
362;Vie Sociale;Centre Social et Culturel;Centre social et culturel Valérie Méot;5 res des Iris;Iris (résidence des);Petit Nanterre;NANTERRE;92000;92050;642665.7321000025;6867817.6439;2.217818245433333;48.907800601977584
257;Vie Sociale;Foyer Logement;Maison des Aubépines - Domicile collectif;3 r des Aubépines;Aubépines (rue des);Petit Nanterre;NANTERRE;92000;92050;642799.7417000011;6868079.967700001;2.219610982148515;48.91017143066943
253;Vie Sociale;Foyer Logement;Résidence Pasteur - Association Nouveau Foyer des Cités Jardins;117 av Pablo Picasso;Picasso (avenue Pablo);Parc Sud;NANTERRE;92000;92050;643148.0601999983;6865717.562899999;2.224679277470489;48.888958546078534
258;Vie Sociale;Foyer Logement;Résidence du Parc - Association Nouveau Foyer des Cités Jardins;58 bd de Pesaro;Pesaro (boulevard de);Parc Nord;NANTERRE;92000;92050;643292.3298000023;6866005.644299999;2.226608155896258;48.89156184174899
255;Vie Sociale;Foyer Logement;Résidence municipale des Muguets;354 av de la République;République (avenue de la);Petit Nanterre;NANTERRE;92000;92050;642833.8166999966;6868116.305300001;2.220070944096084;48.91050121789219
256;Vie Sociale;Foyer Logement;Résidence municipale du Champs aux Melles;11 all Fernand Léger;Léger (allée Fernand);Parc Sud;NANTERRE;92000;92050;642547.5983000025;6865651.018399999;2.2164999920510904;48.8883068441465
254;Vie Sociale;Foyer Logement;Résidence municipale du Square;22 av Louis Meunier;Meunier (avenue Louis);Centre;NANTERRE;92000;92050;641335.1657000035;6866196.363200001;2.199891357090675;48.893101513481135
259;Vie Sociale;Foyer Restaurant;Foyer Restaurant des Muguets;354 av de la République;République (avenue de la);Petit Nanterre;NANTERRE;92000;92050;642827.7050999999;6868112.448600002;2.219988087559126;48.91046599430034
262;Vie Sociale;Foyer Restaurant;Foyer Restaurant du Champs aux Melles;11 all Fernand Léger;Léger (allée Fernand);Parc Sud;NANTERRE;92000;92050;642555.1569000036;6865654.5044;2.21660259312325;48.888338866443064
263;Vie Sociale;Foyer Restaurant;Foyer Restaurant du Square;6 r Franklin;Franklin (rue);Centre;NANTERRE;92000;92050;641357.5239000022;6866198.5929000005;2.2001959636941244;48.89312360087294
23;Vie Sociale;Insertion sociale et professionnelle;Bourse du Travail;13 r des Anciennes Mairies;Anciennes Mairies (rue des);Centre;NANTERRE;92000;92050;641181.7475000024;6866069.1842;2.1978167057963076;48.89194386441482
3;Vie Sociale;Insertion sociale et professionnelle;Espace Accueil Insertion;6 av Vladimir Ilitch Lénine;Lénine (avenue Vladimir Ilitch);Centre;NANTERRE;92000;92050;641253.9782999977;6865580.678800002;2.1988693388334983;48.887557586104315
18;Vie Sociale;Insertion sociale et professionnelle;Maison de l'Emploi et de la Formation (MEF);6 av Vladimir Ilitch Lénine;Lénine (avenue Vladimir Ilitch);Centre;NANTERRE;92000;92050;641260.2163000032;6865578.3968;2.1989547174791175;48.88753763434736
554;Vie Sociale;Insertion sociale et professionnelle;Mission Locale de Nanterre;6 av Vladimir Ilitch Lénine;Lénine (avenue Vladimir Ilitch);Centre;NANTERRE;92000;92050;641256.7012000009;6865579.3211;2.198906656825181;48.88754562542227
577;Vie Sociale;Insertion sociale et professionnelle;Pépinière d'entreprises - Pep IT;14 r du Port;Port (rue du);Chemin de l'Ile;NANTERRE;92000;92050;639693.0335000008;6866324.730999999;2.1774782663530727;48.89410412298084
883;Vie Sociale;Insertion sociale et professionnelle;Salle Ressources du Parc;94 av Pablo Picasso;Picasso (avenue Pablo);Parc Sud;NANTERRE;92000;92050;642939.7880000025;6865673.299400002;2.2218450887084393;48.888542082183086
885;Vie Sociale;Insertion sociale et professionnelle;Salle Ressources du Petit Nanterre;5 res des Iris;Iris (résidence des);Petit Nanterre;NANTERRE;92000;92050;642666.2502000034;6867825.294500001;2.217824279289367;48.907869444995434
268;Vie Sociale;Maison de retraite;Maison de retraite du CASH;403 av de la République;République (avenue de la);Petit Nanterre;NANTERRE;92000;92050;642960.8937000036;6868393.641199999;2.2217672768926873;48.913006386084014
266;Vie Sociale;Maison de retraite;Maison de retraite protestante;5 r Waldeck Rochet;Rochet (rue Waldeck);Centre;NANTERRE;92000;92050;641236.8540000021;6865943.7762;2.1985855736574154;48.89082116974774
264;Vie Sociale;Maison de retraite;Résidence La Chamade;2 r des Grands Buissons;Grands Buissons (rue des);République;NANTERRE;92000;92050;641366.7342000008;6866686.307;2.200254203235146;48.89751017567887
267;Vie Sociale;Maison de retraite;Résidence Sainte Geneviève;60 r Henri Barbusse;Barbusse (rue Henri);Centre;NANTERRE;92000;92050;640827.6845000014;6865999.313299999;2.1929979482519397;48.89128310974133
265;Vie Sociale;Maison de retraite;Résidence des Vignes;75 r des Vignes;Vignes (rue des);Plateau - Mont-Valérien;NANTERRE;92000;92050;641100.5975999981;6865291.5121;2.196817911065067;48.884943241368056
29;Vie Sociale;Solidarité;Agence Régionale de Santé;55 av des Champs Pierreux;Champs Pierreux (avenue des);La Boule - Champs Pierreux;NANTERRE;92000;92050;642403.0349999964;6865550.031800002;2.2145423566402935;48.88738580548129
383;Vie Sociale;Solidarité;CCAS - Centre Communal d’Action Sociale;1 pl du 27 Mars 2002;27 Mars 2002 (place du);Centre;NANTERRE;92000;92050;641856.0851000026;6866088.750399999;2.2070102491801347;48.89218106577487
30;Vie Sociale;Solidarité;CROUS;200 av de la République;République (avenue de la);Université;NANTERRE;92000;92050;642283.4067000002;6867533.822299998;2.2126413303135126;48.90521420695402
17;Vie Sociale;Solidarité;Caisse Nationale d'Assurance Vieillesse;4 av Vladimir Ilitch Lénine;Lénine (avenue Vladimir Ilitch);Centre;NANTERRE;92000;92050;641266.2238000035;6865577.605599999;2.199036746689665;48.887531067514054
16;Vie Sociale;Solidarité;Caisse Primaire d'Assurance Maladie (CPAM 92);130 r du 8 Mai 1945;8 Mai 1945 (rue du);Centre;NANTERRE;92000;92050;641923.5785000026;6866131.4032999985;2.207924854102584;48.89257071233833
20;Vie Sociale;Solidarité;Caisse Régionale d'Assurance Maladie (CRAM);105 r des Trois Fontanot;Trois Fontanot (rue des);Parc Nord;NANTERRE;92000;92050;643178.0978000015;6866367.535;2.2250018946912915;48.89480606423313
22;Vie Sociale;Solidarité;Caisse d'Allocations Familiales;70 r Paul Lescop;Lescop (rue Paul);Chemin de l'Ile;NANTERRE;92000;92050;640334.9090000018;6866574.7278;2.1861969903918332;48.89641200525321
243;Vie Sociale;Solidarité;Centre Local d'Information et de Coordination gérontologique - CLIC;1 pl du 27 Mars 2002;27 Mars 2002 (place du);Centre;NANTERRE;92000;92050;641853.7892000005;6866085.469799999;2.206979388221908;48.89215135774311
644;Vie Sociale;Solidarité;Centre d'information - Maison Daniel Féry;10 bd Jules Mansart;Mansart (boulevard Jules);Université;NANTERRE;92000;92050;642251.4368999973;6866760.1439;2.2123105149398175;48.8982541191769
2;Vie Sociale;Solidarité;EDAS - Antenne du Parc;30 av des Champs Pierreux;Champs Pierreux (avenue des);La Boule - Champs Pierreux;NANTERRE;92000;92050;642261.5438999981;6865706.068599999;2.2125917325031947;48.8887762948542
1;Vie Sociale;Solidarité;EDAS - Le Quartz;4 av Benoît Frachon;Frachon (avenue Benoît);Chemin de l'Ile;NANTERRE;92000;92050;640963.3879000023;6866572.8847;2.1947687978007204;48.8964533725298
432;Vie Sociale;Solidarité;MDPH (Maison Départementale des Personnes Handicapées);2 r Rigault;Rigault (rue);Centre;NANTERRE;92000;92050;641210.0966000035;6866241.863400001;2.1981794003651776;48.893499262947046
476;Vie Sociale;Solidarité;Maison de l'Etudiant;200 av de la République;République (avenue de la);Université;NANTERRE;92000;92050;642346.4890000001;6867251.4025;2.2135402014556247;48.90268023525237
894;Vie Sociale;Solidarité;Maison des femmes;215 tsse de l'Arche;Arche (terrasse de l');Parc Nord;NANTERRE;92000;92050;642977.4627000019;6866628.679000001;2.2222305127354534;48.897136649396934
867;Vie Sociale;Solidarité;Maison des habitants;119 av Pablo Picasso;Picasso (avenue Pablo);Parc Sud;NANTERRE;92000;92050;643199.1507999972;6865719.669;2.2253757012027715;48.88898199443014
19;Vie Sociale;Solidarité;Sécurité Sociale du Petit Nanterre;320 av de la République;République (avenue de la);Petit Nanterre;NANTERRE;92000;92050;642552.920599997;6867908.1477999985;2.2162670630263213;48.90860438521745
21;Vie Sociale;Solidarité;URSSAF Paris RP;97 av François Arago;Arago (avenue François);Parc Nord;NANTERRE;92000;92050;643045.4728000015;6866992.266199999;2.2231092984063685;48.90041220227171
